CustomerID,FirstName,LastName,Email,PhoneNumber,JoinDate,Region,TotalSpent
C001,Stephanie,Tyler,qwolf@example.org,+1-731-510-2274x7556,2024-08-27,East,221.67
C002,Brent,Wheeler,currypaul@example.org,+1-390-406-5907x1402,2023-01-02,South,869.24
C003,Gary,Wilson,richard92@example.org,001-302-357-5505x283,2024-06-14,East,1950.97
C004,Eric,Owen,hernandezjames@example.net,+1-623-329-1408,2021-08-05,East,259.06
C005,Joshua,King,dwatson@example.net,(367)571-3173x300,,South,1364.06
C006,Christine,Cohen,qwatson@example.net,,2020-01-21,West,171.88
C007,Katrina,Travis,ian44@example.net,001-877-304-1656x9692,2022-01-24,South,1183.93
C008,Kevin,Todd,perkinskenneth@example.com,(712)703-6527x8834,2021-06-08,East,1175.67
C009,Scott,Smith,pduran@example.org,+1-455-994-6120x380,2021-07-20,South,
C010,Kelly,Mitchell,jessicabarrera@example.net,698.990.3111x61056,2020-09-13,West,233.87
C011,Cassandra,Davis,catherineball@example.net,+1-302-683-5856x9639,2021-04-02,North,1582.24
C012,Kyle,Hayes,shawanna@example.com,241-213-7357,2024-03-23,East,1342.28
C013,Melissa,Willis,,4458984977,2021-05-18,East,1994.42
C014,Sarah,Tran,vcase@example.net,296.914.2206,2020-08-23,North,1690.87
C015,Stanley,Cooper,,,2021-05-01,South,1720.92
C016,Sean,Shields,lindsay24@example.org,288.385.3253x462,2025-02-16,West,1674.35
C017,Heather,Chandler,robertmyers@example.org,391.330.6039,2022-04-20,West,1852.52
C018,Stacey,Gill,shannonmiller@example.com,+1-248-653-6261,2024-06-06,North,830.15
C019,Susan,Petersen,rebekah28@example.net,312-406-0933x94693,2022-05-13,West,1186.01
C020,Jessica,Roberson,richard87@example.net,001-584-432-2167x28817,2023-02-01,North,
C021,David,Brown,,+1-747-877-9860,2021-11-05,South,1625.38
C022,Gabriel,Thompson,leslie16@example.com,540-436-8633x344,2022-03-28,South,217.43
C023,Jean,Edwards,vstrong@example.com,,2024-07-11,East,1090.0
C024,Anthony,Bishop,ysmith@example.org,(553)796-8271x29673,2020-02-25,East,1613.76
C025,Julie,Ryan,jennifersimmons@example.com,960-221-4447,2023-12-24,East,1764.26
C026,Emma,Williams,peter22@example.org,458.586.5626,2025-01-14,South,1882.65
C027,Amy,Clark,loretta97@example.net,+1-454-917-8951x13773,2024-08-29,North,142.54
C028,Shannon,Miller,josephclark@example.com,001-768-542-0337,2020-04-13,East,1722.69
C029,Catherine,Orozco,smithelizabeth@example.org,(214)858-1058,2022-02-11,West,830.41
C030,Kevin,Liu,kmatthews@example.com,(908)604-2782,2020-10-27,North,1789.56
C031,Keith,Mueller,danielskatherine@example.com,001-793-760-6963,2025-01-16,West,
C032,Hayden,Williams,stephenortega@example.com,+1-637-884-6024x606,2022-01-02,East,488.67
C033,John,Garcia,timothyhendricks@example.com,844.586.6436x84963,2023-01-24,South,
C034,Denise,Mcguire,,001-590-664-6325x01489,,South,1043.82
C035,Mary,Rogers,nancy29@example.net,,2023-05-06,West,1836.5
C036,David,Smith,snydercollin@example.org,419-469-3201x000,,West,401.69
C037,Adam,Schmitt,mmelendez@example.net,(386)951-0339x97922,2024-06-22,West,
C038,Mark,Mcdonald,ann39@example.org,,2022-12-08,West,516.87
C039,John,Weiss,espinozarobert@example.org,939.288.8357x235,,South,1454.2
C040,Tony,Miller,donovandanny@example.org,001-512-760-1733,2024-09-23,West,1921.73
C041,Mark,Scott,raymondmeza@example.net,001-554-279-3148,2022-07-30,East,968.53
C042,Nancy,Dillon,qpotts@example.org,001-594-693-5615,2024-04-11,West,458.39
C043,Thomas,Walters,leebonnie@example.com,(782)378-5005x07612,2020-11-28,East,
C044,Grace,Ramirez,sawyerchristian@example.net,921-457-2996x63550,2025-01-15,North,978.27
C045,Scott,Johnson,pshepherd@example.net,+1-685-811-8479x1093,2024-08-05,East,1054.56
C046,Nicole,Smith,karen66@example.com,+1-615-543-1083x999,,West,795.62
C047,Ruben,Parker,emason@example.com,001-340-385-1196x759,2023-03-30,South,1791.76
C048,Kevin,Taylor,bsmith@example.net,001-423-632-5287x95033,2022-01-24,North,1459.65
C049,Marissa,Le,weavershannon@example.org,001-494-719-0072x992,2021-01-27,North,359.21
C050,Jessica,Hernandez,wwillis@example.com,215.670.8502x565,2023-02-12,North,1565.38
C051,Matthew,Warren,danielle35@example.org,+1-859-968-9946x136,2021-10-12,West,790.5
C052,Steven,Hill,coryhernandez@example.org,323-491-5747x5141,2021-05-05,South,518.34
C053,David,Wallace,zstanley@example.com,539.702.6112,2022-04-02,North,1549.7
C054,Robert,Manning,uhiggins@example.com,564-941-0477x8234,,West,1702.69
C055,Courtney,Henry,huffmanjennifer@example.com,+1-340-318-3171,2024-06-02,East,1921.78
C056,Caitlin,Contreras,christine42@example.net,+1-278-386-4243x7509,2023-08-21,East,760.92
C057,Nicole,Blackburn,adamlee@example.com,,,South,972.92
C058,Desiree,Ashley,joshua74@example.com,(285)662-1900x41543,2020-07-28,North,791.03
C059,Laura,Robinson,jacob08@example.com,,2023-04-06,East,518.49
C060,William,Miller,joshuafrazier@example.net,(568)738-5917x919,2023-07-31,West,362.79
C061,Kim,Allen,wongcharles@example.com,,2022-02-24,North,1116.95
C062,Kevin,Townsend,vmendez@example.com,(306)779-7699x863,2022-11-20,South,1902.54
C063,Ryan,Bauer,,+1-420-711-2650,2021-09-16,East,771.08
C064,Fernando,Tate,uwelch@example.net,372.631.7219,2022-04-29,South,985.24
C065,Kevin,Davis,edwardwood@example.net,814-451-1038x993,,East,968.13
C066,Christian,Hunt,hjohnson@example.com,513-787-5955x803,2021-03-16,West,1410.92
C067,Alexander,Brown,georgesara@example.com,6138915579,2021-03-29,North,1331.9
C068,Ashley,Morris,jessicanelson@example.org,596-775-8571x52569,2023-05-22,West,803.05
C069,Chloe,Alvarez,beckerkristen@example.net,243.341.6715x13446,2022-11-23,East,1729.53
C070,John,Macdonald,crosswilliam@example.com,(637)281-5006,2023-02-12,North,1254.23
C071,Ashley,Fields,phillip32@example.com,358-782-7137x9757,2021-08-16,South,
C072,Ashley,Mcdonald,melissasmith@example.net,(523)967-2021x015,2020-03-23,East,985.75
C073,Sara,Jordan,kochthomas@example.com,7965455657,2022-08-03,South,593.31
C074,Mark,Sawyer,ryanjohnson@example.net,+1-881-586-2078,2023-04-07,North,1662.46
C075,Kenneth,George,zhoward@example.com,5904808886,2024-07-06,South,254.03
C076,Gregory,Chaney,paul99@example.com,(647)307-8109x9506,2023-01-25,North,259.08
C077,Kendra,Brooks,karamiller@example.com,,2020-03-03,South,1311.65
C078,Megan,Joseph,mcobb@example.net,300.385.5494,2024-12-19,West,1197.44
C079,Kenneth,Jones,mpacheco@example.com,+1-914-218-9399,2024-09-10,West,1324.04
C080,Laura,Kelly,tara05@example.org,847.212.2124x957,2023-08-19,West,401.69
C081,Mary,Arias,gabriellemcdonald@example.org,474.590.5002x284,2022-10-18,West,1131.24
C082,Timothy,Benson,larsoncarol@example.net,440.251.5962x73243,2024-06-11,North,329.59
C083,Kimberly,Smith,sarahmacdonald@example.org,+1-964-416-5289x88417,2023-11-30,North,154.07
C084,Theresa,Contreras,kstevens@example.com,001-938-840-9723,2023-05-09,West,489.84
C085,Thomas,Johnson,kbrewer@example.com,681-499-8974x45903,2024-09-23,East,558.23
C086,Aaron,Johnson,lgreen@example.com,001-843-659-6616x84349,2022-05-15,West,1084.66
C087,Jennifer,Gillespie,biancariley@example.net,225-671-2084x2175,2024-02-29,West,1738.36
C088,Brandy,Russell,simslaura@example.com,8448717815,2020-09-21,South,858.23
C089,Christopher,Ray,joetownsend@example.org,(467)989-7340x2798,2024-07-29,West,1761.6
C090,Paul,Garcia,jshepherd@example.net,001-788-206-7966x867,2024-05-09,North,1456.04
C091,Christina,Jones,jamesbryant@example.net,(964)993-2733x3973,2024-09-25,North,1968.01
C092,Brittany,Butler,,589.220.9705x100,2022-03-12,West,
C093,Wesley,Wilson,nicole95@example.org,001-201-400-7477x51382,2025-02-25,East,1125.64
C094,Michael,Gill,kellihorn@example.net,558.672.3627x62469,2021-04-17,West,1426.11
C095,William,Henry,tracyvasquez@example.net,(366)829-4730,2024-08-07,West,790.77
C096,Michael,Johnson,melinda80@example.org,498-841-6125x666,2021-12-07,West,359.05
C097,Wyatt,Mcintosh,jenkinsjulie@example.net,(892)634-8077,2022-06-08,West,1308.32
C098,Kristen,Cole,stephanie99@example.com,(882)858-5751x81403,2024-05-23,East,1296.48
C099,Joseph,Thomas,hmathews@example.com,6185278116,2022-11-19,North,987.03
C100,Michelle,Johnson,,+1-892-848-7418x32004,2024-07-10,South,1804.11
C101,Jasmine,Hooper,rojaskathleen@example.net,(466)209-1742x63467,2022-03-15,East,1118.07
C102,Matthew,Lee,esimon@example.com,683.246.0688,2024-08-29,West,402.54
C103,Mark,Roberts,marywolfe@example.org,414.243.3514,2025-02-26,South,
C104,Mary,Porter,rothjanet@example.net,+1-717-310-2946x8762,2021-10-30,North,352.45
C105,Stuart,Kirby,cjackson@example.com,+1-994-606-4505x09461,2020-03-26,North,1992.14
C106,Ricardo,Davis,ronald03@example.com,257-869-5279,2023-05-30,South,
C107,Ashley,Drake,fieldswilliam@example.org,7938093217,2020-01-10,East,189.53
C108,David,Ibarra,sandra39@example.net,001-940-521-1493x38453,2024-12-13,West,442.51
C109,Joshua,Turner,erica05@example.org,(489)796-5704,2020-12-28,East,648.83
C110,Valerie,Gibson,jeffreydaniels@example.com,366-973-9873,2020-03-11,South,1656.7
C111,Nicole,Young,douglassolis@example.net,7385451370,,South,1409.78
C112,Sarah,Maldonado,allenrichard@example.org,660-577-3572,2023-12-27,West,176.49
C113,Megan,Rodriguez,whitneyrivera@example.net,+1-976-721-7788,2022-07-06,East,1071.57
C114,Kristen,Murray,jamesbailey@example.net,702.261.8694x012,2021-10-11,East,
C115,Wesley,Frederick,escobarrobert@example.org,(881)288-4542x06767,2023-10-02,West,948.92
C116,John,Thomas,,,2020-12-19,East,1767.43
C117,Loretta,Grant,melinda06@example.net,+1-505-611-6033x30396,2024-02-10,North,688.53
C118,Andrew,Dawson,susanshields@example.org,+1-238-590-1939x92442,2021-04-12,South,1056.2
C119,Marc,Bell,sbrown@example.net,236-975-4749,2022-10-30,North,1965.62
C120,Wendy,Newman,vmiller@example.net,244-520-2620x7503,2024-10-24,East,1814.33
C121,Ethan,Miller,whitneybarnes@example.com,+1-579-904-6371x45226,2024-09-14,West,785.88
C122,Christopher,Franklin,rlee@example.org,+1-597-933-9402x060,2023-12-10,West,
C123,Nathaniel,Burns,thomas55@example.org,251-433-0606x986,2024-01-13,South,1509.29
C124,Daniel,Gutierrez,estradazachary@example.org,822-394-9260x766,2023-06-07,West,1442.77
C125,Kelsey,Moss,jennifergreen@example.org,+1-365-979-5192x2758,2022-05-20,West,1937.96
C126,Christopher,Dunn,bethany62@example.com,001-727-745-1552x564,2022-12-11,East,169.21
C127,Jose,Stanley,cookeric@example.org,722-567-9748x222,,South,1239.45
C128,Amber,Woods,joshua48@example.org,753-637-4738x0407,2021-10-23,North,1145.56
C129,Jeffrey,Sandoval,michaelnguyen@example.com,776.488.1046x14122,2022-05-27,South,335.44
C130,Maria,Meyers,johnsonrobert@example.net,686-219-5154x59727,2021-12-28,West,1313.09
C131,Breanna,Parker,rodriguezisaiah@example.com,921.924.9703,2022-07-28,West,982.87
C132,Eric,Martin,irobertson@example.net,890.584.0996,2022-10-06,North,330.47
C133,Nichole,Schroeder,diazdeborah@example.net,,2022-10-26,West,1348.16
C134,Jennifer,Davis,donald97@example.com,226.547.9401,2023-03-02,West,1138.51
C135,Michael,Taylor,jeremy01@example.org,(508)796-1179x0129,,South,585.56
C136,Tara,Taylor,kevinwells@example.org,001-226-613-5803,2024-05-24,West,871.01
C137,Heather,Floyd,christopher49@example.org,001-818-411-0346x91359,2021-06-25,East,295.01
C138,James,Mann,carsonamy@example.com,(566)483-4967x548,2021-06-29,West,1433.21
C139,Michele,Boone,torrescarol@example.com,455.490.1271,2020-11-06,South,191.99
C140,Angela,Bennett,alexander18@example.net,(885)336-0795,,East,911.6
C141,Karen,Horton,mross@example.org,768.944.7494x1570,2022-12-25,West,1046.22
C142,Barbara,Bell,larsonnicole@example.net,(768)827-7254,2021-05-10,West,
C143,Steven,Singleton,tamarawilson@example.org,4668291469,,East,1921.75
C144,Tina,Shaffer,briangilmore@example.org,628.868.7852,2021-10-12,West,641.46
C145,Heather,Christian,wilsonthomas@example.org,921-743-0092,2023-12-05,West,582.56
C146,Holly,Perez,jessica11@example.org,686.578.4469x839,2025-02-03,West,875.59
C147,Kimberly,Rodriguez,brittany63@example.net,897.511.4960x6000,2021-08-29,East,
C148,Stephen,Stephens,ohunter@example.org,864-240-3015x9294,2024-07-27,South,916.9
C149,Rachel,Diaz,lori60@example.org,(981)670-4155,2023-08-12,North,259.73
C150,Michael,Yu,kimberly93@example.org,+1-981-565-0431x912,2023-05-10,South,750.14
C151,Steven,Dennis,kathleen10@example.com,(690)860-3957,2020-12-23,North,667.19
C152,Kelly,Johnson,amy75@example.net,+1-329-929-2729,2021-04-22,South,1835.05
C153,Mary,Lindsey,teresaphillips@example.com,211.584.3660x2765,,South,1005.42
C154,Jennifer,Rodriguez,kennedysarah@example.net,9858411559,2024-11-01,West,753.66
C155,Susan,Flores,micheal28@example.com,+1-580-246-9649x772,2021-10-16,North,1812.18
C156,Virginia,Mason,,001-973-544-5883x3039,2020-06-15,South,1855.14
C157,Anthony,Gill,xrivera@example.com,001-650-327-4171x43584,2021-11-08,East,772.25
C158,Mark,Shaw,angelaglenn@example.com,270.573.3122,2020-04-29,North,597.21
C159,Timothy,Lee,ktapia@example.net,(628)951-6676x5838,2021-01-27,West,577.98
C160,Maria,Faulkner,powelljoyce@example.net,247-363-6649x3991,,East,265.39
C161,Roy,Smith,hubermichael@example.org,365-692-1011,2024-01-29,West,1224.57
C162,Brian,Duke,emily52@example.org,001-678-998-7288x051,2022-08-19,South,367.37
C163,James,Esparza,johnsonbrian@example.org,865.662.4778x3830,2023-11-13,South,495.02
C164,Sherry,Collins,ataylor@example.com,(653)525-1050x461,,North,517.68
C165,Cheryl,Little,francisraymond@example.com,+1-306-847-2109x0442,2021-08-04,East,1959.48
C166,Chad,Rogers,jonesjoy@example.com,(325)718-6612,2020-09-16,East,232.6
C167,Amy,Sanchez,gatkins@example.org,740-274-9622,2022-09-04,East,1979.73
C168,Angela,Bates,duncanchristopher@example.org,+1-250-999-0597x1356,2021-08-05,East,568.42
C169,Nathaniel,Marsh,doughertydouglas@example.net,688-542-7519x5182,2022-04-05,West,1777.4
C170,Colin,Jordan,anthony34@example.org,4998233389,2023-07-03,North,1685.95
C171,Heather,Jefferson,david36@example.com,+1-750-380-7534x5906,2024-04-10,West,488.39
C172,Megan,Adams,nathan26@example.net,204.736.6493x520,2024-03-21,West,1215.37
C173,Laurie,White,robertjohnson@example.net,001-894-919-4139,2022-11-25,North,580.95
C174,Adam,Mcgee,rking@example.org,451-891-1232x35736,2020-05-22,South,1159.72
C175,Rodney,Reynolds,molly59@example.org,(779)587-8114x8002,2024-08-23,North,1514.62
C176,Donna,Garcia,ycampbell@example.com,(700)910-9849,2023-05-14,East,1504.83
C177,Linda,Goodwin,judyanderson@example.org,206.773.4383x2516,2022-06-24,West,153.08
C178,Stanley,Jones,kelly70@example.com,782.591.6225x30983,2020-06-17,North,1596.0
C179,Anthony,Mata,susansims@example.net,(669)489-2446x845,2024-10-26,South,1756.69
C180,Christine,Frank,thomaskevin@example.org,+1-473-389-3752,2022-08-03,South,1728.1
C181,Denise,Christian,floresstacey@example.net,(287)483-4966,2021-05-06,East,1196.96
C182,Jessica,Williams,eileen22@example.org,(874)873-9640,2020-10-25,East,1512.01
C183,Kimberly,Jackson,oliviayoder@example.net,311.201.0657x042,2024-09-25,North,242.52
C184,Emily,Pacheco,michael57@example.org,(379)436-8726x54258,2023-04-23,North,764.79
C185,Laura,Taylor,kristin90@example.org,(565)935-0497x1674,2024-03-16,West,1574.58
C186,Reginald,Lowe,robertvaldez@example.com,,2022-03-19,North,1973.51
C187,Catherine,Huffman,abennett@example.org,001-343-301-1700x457,2021-04-10,West,1272.5
C188,Katherine,Thompson,charleshayden@example.net,696.557.7695,2024-10-23,East,671.78
C189,Brittany,Morales,,741-729-6762x506,2021-08-19,West,1457.25
C190,Candice,Levy,amberperry@example.com,001-611-830-8621x5746,2025-02-08,South,1753.22
C191,Ruth,Bonilla,usmith@example.org,+1-485-437-9640,2022-06-29,West,658.75
C192,Robert,Ware,kfitzgerald@example.net,+1-943-878-1751x955,2023-02-01,East,1049.51
C193,Robert,Edwards,,(970)675-7508,2023-03-30,East,247.48
C194,Summer,Thomas,,397-553-8096x21175,2021-06-03,North,1234.73
C195,Chloe,White,justinanderson@example.com,330-320-8021x2009,2025-01-20,West,1272.91
C196,Laura,Weber,david18@example.com,(230)998-4209x25502,2020-11-26,North,1701.14
C197,Heather,Williams,zacosta@example.com,989.560.7090,2022-07-19,North,1846.79
C198,Alexandra,Pugh,,869-582-4783x545,2024-03-07,West,1418.2
C199,Dean,Leblanc,hallkimberly@example.org,(980)709-2868,2024-07-18,North,1172.44
C200,Nicole,Daniels,harveysydney@example.com,798.599.8061x414,2024-06-07,South,1217.63
C201,Kyle,Hansen,michellemiddleton@example.com,666.498.9713,2024-08-02,South,1208.42
C202,John,Patterson,ronald52@example.org,001-895-632-6423x047,2021-06-03,East,1321.39
C203,Christopher,Bernard,nwilliams@example.net,(940)774-7615,2021-10-03,South,270.91
C204,Charles,Barnes,,835.983.7759,2022-01-15,North,
C205,Deanna,Sharp,richardmcgee@example.com,632-352-7672x858,2022-11-21,East,701.31
C206,Betty,Reese,bridget65@example.com,694.489.6627x158,2020-12-23,North,1745.4
C207,Amy,Ross,,3503309982,2022-10-27,East,1825.71
C208,Connie,Anderson,,200-682-0333x280,2023-09-05,South,755.43
C209,Matthew,Smith,rita01@example.org,237-773-4705x68239,2022-04-18,North,626.73
C210,Jennifer,Barnes,pamelareid@example.com,775-798-8567x447,2022-11-15,North,761.19
C211,Elizabeth,Mccullough,,528-910-1152,2021-10-22,North,1905.86
C212,Kristy,Mccoy,haleysims@example.org,001-628-351-9740x66107,2021-01-29,East,1874.56
C213,Lauren,Anderson,arthur26@example.org,(995)815-0173,2020-11-09,North,1235.34
C214,Taylor,Webb,donald18@example.com,(202)274-0495,2024-11-29,West,1989.14
C215,Mark,Lee,ricethomas@example.org,+1-777-552-5697,2022-10-06,South,1160.75
C216,Kenneth,Ortega,apage@example.com,001-562-591-0956x742,2025-02-13,West,1051.4
C217,Robyn,Valencia,benjaminfuller@example.org,414-405-4813x22076,2022-05-07,West,429.15
C218,Melinda,Park,adamsharp@example.org,001-504-548-9927x7309,2021-12-22,East,1439.61
C219,Daniel,Poole,williamford@example.com,330.775.8844x51689,2020-10-12,South,915.81
C220,Amanda,Spencer,andrew78@example.com,(652)494-9095x34741,2021-08-20,South,293.05
C221,Stephanie,Williams,olivereric@example.net,(332)472-1248,2024-06-22,East,763.85
C222,Michelle,Noble,oadams@example.net,001-356-481-5872x45363,2023-11-23,East,885.09
C223,John,Bishop,grayricardo@example.org,301-337-5884x765,2023-04-01,West,1298.73
C224,Collin,Stevens,rjones@example.org,,2020-07-12,East,1154.5
C225,Michael,Jenkins,ohahn@example.net,4074877467,2023-07-24,South,489.39
C226,David,Morales,nicole70@example.net,770-752-6280,2020-03-25,East,
C227,Amy,Wright,christopher27@example.net,747.245.3190,2022-11-19,North,1339.24
C228,Henry,Warner,weaverstacie@example.com,(287)503-9786,2024-04-16,East,536.5
C229,Janet,Fleming,michael10@example.net,001-862-880-0863x92547,2021-05-23,South,1384.62
C230,Julia,Carroll,,454-982-0086x98628,2021-05-10,West,297.16
C231,Loretta,Harris,brownroy@example.org,919.772.6751x6576,2021-03-23,West,1465.99
C232,Mark,Miller,donald94@example.org,296-362-2670x3909,2023-05-20,South,892.17
C233,Charles,Cline,rhudson@example.net,001-729-493-3456x7161,2023-03-20,South,521.33
C234,Amy,Carpenter,stephanieweiss@example.org,+1-575-871-7434x6817,2023-03-06,East,647.83
C235,Dana,Stark,monica51@example.com,487.931.2547x36372,2021-04-13,South,795.21
C236,James,Bryant,alvaradoannette@example.org,,2021-10-19,North,251.41
C237,Kimberly,Arnold,bakerheather@example.net,(352)330-4024x970,2021-11-16,East,399.06
C238,Kenneth,Campbell,taylorcarol@example.org,347.974.3043x6531,2021-04-06,North,690.76
C239,Louis,Jacobs,valerie38@example.com,001-717-715-8159,2021-11-18,West,904.2
C240,Richard,Graham,pwilcox@example.com,001-325-532-0066x9060,2021-05-20,West,772.91
C241,Sheila,Anderson,qmunoz@example.com,720.531.8201,2021-08-03,West,1199.9
C242,Thomas,Robbins,fowlerrandall@example.com,758.241.0182x049,2023-10-19,West,1575.47
C243,Amanda,Oliver,,+1-237-618-1687x4653,2022-12-22,East,119.08
C244,Amanda,Roberts,brianna78@example.net,,2020-11-24,East,1904.16
C245,Matthew,Aguilar,jacqueline33@example.org,6012794393,2021-11-03,North,1178.49
C246,Michael,Clarke,,242-628-8348,2021-05-07,West,1517.45
C247,Tommy,Owens,dstanton@example.net,301.556.5237x308,2024-02-27,South,1987.41
C248,Jennifer,Smith,whitney35@example.com,(826)644-2011,2024-09-13,North,525.71
C249,Annette,Carter,christopher79@example.com,966.813.1999,2023-02-03,East,1977.83
C250,Hannah,Johnson,stewartlinda@example.net,+1-525-934-4513x5763,,West,1224.91
C251,Thomas,Miller,johnsonlori@example.com,5253138756,2021-08-18,North,1562.59
C252,Jennifer,Chavez,,7502281633,2022-07-14,South,597.52
C253,Charles,Thomas,,(680)456-2811,2022-10-30,South,1146.26
C254,Monica,Farmer,camposphillip@example.com,,2022-05-01,North,288.29
C255,James,Brown,william52@example.com,656.517.2069x2208,2024-04-14,North,1095.43
C256,Joshua,Stewart,timothyanderson@example.com,001-903-521-9308,2022-01-25,West,1597.91
C257,Nicole,Jones,whoffman@example.net,655.719.3390,2021-07-16,South,1956.15
C258,Terrence,Sanchez,stephanie42@example.com,(353)856-4795x40413,2020-03-08,West,1791.18
C259,Nicole,Cruz,qhill@example.net,703.694.7778x87313,2024-05-23,South,281.51
C260,Catherine,Ferrell,claudiamolina@example.com,+1-859-296-5852x56216,2022-05-10,East,704.61
C261,Arthur,Sanford,lynchbrett@example.com,360.886.1329x25688,2021-02-19,South,1866.34
C262,John,Hopkins,kflores@example.org,280.541.8624x0186,2024-03-30,East,778.42
C263,Lori,Richards,mackmaria@example.net,+1-901-508-0315x1218,2024-09-25,South,
C264,Douglas,Sharp,gdominguez@example.com,+1-210-871-7962,2021-04-27,East,1660.48
C265,Charles,Saunders,prollins@example.net,+1-921-786-2964,2021-12-21,West,1979.35
C266,Jennifer,Alvarado,kstone@example.org,(440)705-3338,2024-03-06,South,1083.67
C267,Larry,Myers,cblake@example.org,001-427-364-0557x539,2023-09-08,West,1657.41
C268,Jeffrey,Cox,uroth@example.org,001-268-764-4488x072,2020-12-17,South,1597.7
C269,Aaron,Kidd,anthonywalsh@example.net,366-856-5938x477,2020-09-02,West,1975.47
C270,Lisa,Johnson,,666.561.5455x5567,2021-02-18,North,252.33
C271,Melissa,Vega,millershawn@example.org,+1-716-522-1378,2024-10-28,West,666.72
C272,Amy,Moon,matthewdennis@example.com,+1-799-472-3477,2023-05-14,North,1903.68
C273,Jamie,Carter,bbradley@example.net,+1-911-508-9429x843,2023-09-19,West,1647.34
C274,Michael,Guerrero,gmatthews@example.org,,2021-08-21,West,958.59
C275,Alexis,Cross,kim49@example.com,959.809.0420x0774,,East,1345.59
C276,Benjamin,Zavala,voliver@example.com,290-544-0828x06721,2023-10-09,North,826.28
C277,Cassidy,Rodriguez,amybenton@example.com,2174783020,2020-02-02,North,251.03
C278,April,Hill,nhill@example.net,(613)386-6576x299,,West,906.11
C279,Bryan,Welch,mhernandez@example.net,641.819.4646x96290,2024-11-27,North,807.73
C280,Thomas,Fisher,,+1-262-748-0742x83148,,East,1660.48
C281,Monica,Davis,,(472)664-6784x93005,2020-01-07,South,775.2
C282,Ariel,Riggs,aaronpollard@example.net,,2023-05-30,North,580.17
C283,Destiny,Munoz,mary43@example.org,+1-670-328-2392x115,2024-10-13,South,1485.96
C284,Cameron,Decker,williamsalexis@example.org,935-746-9528,2021-08-12,North,
C285,Timothy,Clark,olsenjennifer@example.net,001-944-664-9159x075,2022-04-27,South,1013.3
C286,Christopher,Gutierrez,orobinson@example.net,425-233-5672x98726,2023-10-22,South,1661.72
C287,Tami,Schultz,lhunt@example.com,7977062436,2024-06-03,East,
C288,Vincent,Walters,benjaminduran@example.com,001-402-946-8234,2024-02-21,East,1237.57
C289,Alexander,Bauer,nicolearmstrong@example.net,981.484.3386x401,2023-11-21,South,588.97
C290,Michelle,Chapman,,326.590.4307,2025-01-26,West,900.91
C291,Emily,Perkins,justin23@example.com,,2020-01-30,West,1681.14
C292,Sarah,James,masonaaron@example.net,,2023-01-03,North,882.99
C293,Joanna,Gonzales,mwiggins@example.org,(227)383-5472,2023-07-15,East,1956.04
C294,Nicholas,Weber,gonzalezmorgan@example.org,001-455-263-9976x264,2023-11-30,North,1894.65
C295,Kaitlin,Mccall,xpope@example.com,+1-645-929-6358x71540,2025-02-05,South,421.34
C296,Debra,Gross,scottwhite@example.com,(233)688-4501x21995,2020-08-31,West,580.82
C297,Michael,Barnett,matthewmarks@example.com,001-609-389-6170x70193,2021-06-07,East,1950.23
C298,Sue,Chang,jenningsgary@example.org,,2022-05-14,South,321.07
C299,Ryan,Hayes,fkemp@example.net,525-322-1765x4474,2020-07-21,South,289.11
C300,Brian,Hardin,raymond40@example.com,523.351.8006,2023-03-16,East,646.41
C301,Victor,Sullivan,,001-451-866-3388x75333,2023-07-03,South,1399.18
C302,John,Blair,jimmy61@example.com,793.875.4633x020,2024-09-25,South,1277.63
C303,Krystal,Roberts,michaellopez@example.org,+1-337-579-6762x24978,2023-06-06,East,897.14
C304,Matthew,Garcia,mmiranda@example.net,206.790.1772,2020-10-18,South,822.99
C305,Andrew,Eaton,frobles@example.org,754-481-8069,2023-07-31,East,290.89
C306,Wayne,Hernandez,jbarrett@example.net,001-645-587-3916x1885,2024-03-07,East,479.76
C307,Joshua,Wells,ibarrajack@example.org,,2024-06-23,North,1863.57
C308,Shawn,Stone,jasmin51@example.com,378-928-0349,2023-03-08,West,563.83
C309,Emily,Martin,,304-293-1064,2022-10-23,South,1609.48
C310,Kimberly,Brennan,,,2022-06-22,East,1182.79
C311,Cheryl,Johnson,robertphillips@example.org,001-672-720-1359x796,2022-10-28,West,432.09
C312,Joseph,Kaiser,steven70@example.com,4503271838,2022-03-28,South,882.33
C313,Rachel,Carney,mariajackson@example.org,001-552-368-5779x19257,2024-04-26,West,1337.04
C314,Brenda,Jackson,ithomas@example.com,001-417-842-1133x372,2020-09-02,East,1155.83
C315,Amber,Aguilar,brooke91@example.org,4663149716,2022-07-14,East,423.12
C316,John,Wilson,garrisonstephen@example.com,001-981-642-1340x03248,2024-02-20,East,
C317,Nicholas,King,blake36@example.com,,2024-11-21,South,
C318,Kenneth,Rice,taylorjoshua@example.org,+1-534-668-6028x8725,2023-06-01,South,1334.23
C319,Denise,Barajas,james33@example.com,001-501-456-8408x0698,2025-01-30,South,790.16
C320,Richard,Cantu,karl01@example.org,527.343.8377,2020-09-02,North,1885.86
C321,Nancy,Huber,kellerneil@example.net,423-475-4847x8543,2023-05-09,North,
C322,Kristen,Wall,alane@example.com,706-965-3162x896,2024-02-29,West,348.98
C323,Donna,Banks,,5514062146,2021-03-06,South,1972.12
C324,Jane,Glover,,,2021-01-11,West,1176.29
C325,Michele,Hansen,odomfrederick@example.com,001-962-382-6118,2024-10-11,South,1460.72
C326,Jason,King,toni85@example.net,447-930-5256x258,2024-01-24,South,199.4
C327,Daniel,Gibson,gregorymorrow@example.com,436.672.7467x340,2020-12-17,South,853.71
C328,Felicia,Quinn,brownjulie@example.net,001-401-351-6933x57818,2022-07-13,West,813.8
C329,Sheila,Lee,brian89@example.net,+1-835-719-5705x882,2024-02-10,West,1181.94
C330,Daniel,Jackson,barkerdaniel@example.com,001-308-732-5958x8772,2024-07-31,West,1976.97
C331,Wendy,Lee,pauljones@example.org,873-660-9438,2023-04-18,West,153.02
C332,Tina,Shelton,yjuarez@example.org,925-441-7260x29036,2023-07-12,West,186.29
C333,Travis,Knapp,alexissloan@example.com,+1-260-304-6957x01860,2021-07-22,South,178.72
C334,Heather,Snyder,john34@example.com,2435557512,2022-08-28,East,1150.17
C335,David,Smith,nmelendez@example.net,(851)390-1276x59745,2024-02-26,South,629.83
C336,William,Stewart,teresabrown@example.com,476.271.8013,2022-10-18,North,660.27
C337,Nicholas,Gross,flarson@example.com,978.339.1578,2021-07-31,East,1493.49
C338,Thomas,Price,kli@example.net,(418)371-5865x28309,2021-11-05,West,321.99
C339,Matthew,Li,turnerstephen@example.org,+1-998-658-2893,2023-03-10,North,857.57
C340,Samantha,Perez,nmunoz@example.com,(708)405-8019x8324,2021-08-26,South,527.37
C341,Holly,Montgomery,sarah97@example.com,,2024-08-10,West,1650.12
C342,Heather,Deleon,amymoreno@example.com,445-676-3645x48528,2023-10-25,South,1461.61
C343,Jessica,Dickerson,katrinagordon@example.net,(273)522-3551x574,2020-01-17,South,149.5
C344,Teresa,Hansen,joseph04@example.net,(976)381-3554,2021-08-29,South,1652.16
C345,Patrick,Wise,abooker@example.com,660.991.4009,2022-04-07,West,1329.3
C346,Courtney,Sanchez,lholmes@example.com,(564)382-0599x641,2022-10-19,East,677.23
C347,Angela,Fuller,carriealexander@example.org,5743556989,,East,149.01
C348,Joshua,Hutchinson,brooke65@example.net,839.501.5621x000,2021-09-03,East,
C349,Shelley,Kelly,michelle49@example.org,(687)788-2090x7689,2023-09-15,South,1675.6
C350,Mark,Dixon,adriana36@example.org,971.348.1481,2021-05-22,North,1362.15
C351,Katherine,Winters,ericperry@example.net,,2021-10-21,West,1085.0
C352,Jacob,Mosley,manueljohnson@example.net,522-234-7800x885,2020-08-20,South,1541.6
C353,Donna,Douglas,perrykevin@example.org,001-204-986-4382,2021-06-14,North,1135.52
C354,Diana,Ward,frodriguez@example.net,593.947.2067x5924,2021-07-31,East,112.29
C355,Karen,Brown,carrkatherine@example.com,336.682.5191x53333,2023-12-17,South,1229.64
C356,Pamela,Thompson,owagner@example.com,(702)496-3102,2021-05-07,West,1802.28
C357,Joanna,Steele,alyssaparsons@example.net,632-902-7133x21721,2021-08-12,North,711.86
C358,Brandon,Burns,,706.987.5456,2023-01-07,West,144.5
C359,Joseph,Ortega,epage@example.net,243-627-4308,2021-08-14,South,602.0
C360,Amy,Ortiz,,001-874-670-7305,2023-11-15,East,196.53
C361,Alicia,Hansen,jrose@example.org,001-628-635-3911x5834,2022-03-11,West,864.13
C362,Paul,Padilla,,(443)661-5021x67429,2022-12-20,West,168.13
C363,Wendy,Guzman,qcollins@example.net,001-865-809-5180,2023-07-17,North,356.07
C364,Robert,Hawkins,vgarcia@example.org,718.394.2483x05037,2021-04-21,East,
C365,Steven,Anthony,stacey70@example.com,001-442-735-1701x313,2021-01-03,East,142.65
C366,Joshua,Fox,leon72@example.net,263-647-0414,2023-11-16,East,749.82
C367,Monica,Cook,adamsjason@example.com,363-488-9430,2024-09-27,East,1204.35
C368,Sharon,Perez,lisa85@example.com,685-985-9416,2023-08-06,East,968.89
C369,Joshua,Acevedo,randolphamanda@example.net,310.858.3304x577,2024-04-23,East,1034.22
C370,Stacey,Campbell,shannon09@example.net,,2024-10-14,East,358.15
C371,Cameron,Sims,christinaclark@example.org,601.425.1890x187,2022-02-16,West,817.88
C372,Henry,Davis,alvinwarren@example.org,+1-537-496-9803x110,2021-10-22,North,528.43
C373,Tara,Dunlap,xnorton@example.com,+1-696-531-7830,2025-02-17,North,1242.64
C374,Kimberly,Robinson,stephanie01@example.com,+1-895-624-2494x560,2023-05-04,East,1936.84
C375,Joseph,Williams,rodgersmarcus@example.net,4656583741,2022-02-18,South,1786.97
C376,Jessica,Ross,alicia07@example.com,947-732-5006,2021-11-25,East,256.99
C377,Cynthia,Gonzalez,joseph28@example.org,001-756-774-2185x680,2020-01-19,South,1713.37
C378,Jason,Gonzalez,kimberly34@example.net,666-854-0042,,East,1281.12
C379,Daniel,Arnold,xnichols@example.net,885.433.9960,2022-04-07,North,1208.02
C380,Shannon,Fritz,mmartin@example.com,356.227.6174,2022-02-23,South,1253.17
C381,Steven,Doyle,vcabrera@example.com,796.475.8973x8924,2022-02-27,West,1014.12
C382,Ryan,Garcia,rojaslauren@example.com,459-640-6342,2023-04-08,West,1481.63
C383,Dennis,Mendez,amyjohnson@example.com,(768)612-3923x251,2023-05-10,East,1027.57
C384,Nicholas,Jones,jonesjessica@example.net,001-308-222-1866x822,2023-11-28,South,
C385,Tamara,Richard,lesara@example.org,+1-763-221-8763,2021-04-28,West,
C386,Charles,Proctor,crystal75@example.org,,,South,
C387,Douglas,Beltran,ssawyer@example.net,999-387-1256,2024-09-03,North,1283.58
C388,Eddie,Gibbs,millerlisa@example.net,001-570-702-4122x056,2021-04-11,North,1752.31
C389,Kristine,Lewis,ismith@example.net,(394)387-5005,,North,1437.3
C390,Brad,Graves,hawkinsapril@example.com,001-949-771-4846,2020-10-19,West,1308.98
C391,Micheal,Cruz,william33@example.com,267.472.8445x7040,2021-12-07,East,281.48
C392,Hannah,Campbell,karina94@example.com,+1-936-614-3069x69385,2020-09-16,West,1883.53
C393,Karl,Vazquez,andrea12@example.com,001-349-515-1341x5017,2022-07-02,West,690.2
C394,Jason,Morrison,dstevenson@example.com,469.560.2340x64918,2025-01-07,South,428.66
C395,Angela,King,lross@example.net,001-255-882-6547x4307,2021-08-23,North,806.55
C396,Mark,Young,,642-255-7755x49903,2020-01-03,North,151.47
C397,Katherine,Harris,cindylamb@example.net,001-322-845-9649x69805,2024-10-01,West,1899.13
C398,Tonya,Oneal,joshua16@example.org,249-850-9790x3524,2020-02-09,East,1437.55
C399,Scott,Morgan,jerrydudley@example.com,+1-597-896-8204,2022-05-22,East,935.69
C400,Dale,Moreno,smithmichael@example.org,(889)272-7730x0231,2024-08-10,North,467.14
C401,Meghan,Snyder,jermaine55@example.net,,2021-04-19,South,1392.27
C402,April,Huerta,katelyn64@example.com,417-913-5688,2022-11-13,South,573.33
C403,Randy,Johnson,moorebryan@example.org,+1-800-761-9885x51519,2021-08-06,West,1787.91
C404,Katherine,Parker,robertbass@example.com,001-484-428-8691,2022-05-10,East,1366.02
C405,Randall,Lewis,qkim@example.net,814.640.6789,2022-03-19,West,1041.55
C406,Lawrence,Bennett,jonathan58@example.net,,2021-03-09,South,1348.75
C407,Nathan,Becker,brian83@example.com,600.989.8575x51844,2024-05-25,North,1275.63
C408,Patricia,Donaldson,kristin79@example.net,994.271.2639x0740,2021-12-20,South,432.9
C409,Deanna,Bryant,matthew49@example.com,001-358-307-1260x501,2021-07-07,West,424.05
C410,Christopher,Ferguson,mevans@example.com,001-510-360-0291,2023-02-11,North,1538.47
C411,Kimberly,Richardson,greenemily@example.org,001-495-319-6247x1739,2022-02-05,West,620.76
C412,Eric,Hill,howemaria@example.net,(836)698-3516,2021-09-29,North,621.33
C413,Barbara,Martinez,jonathanjohnson@example.net,917.237.4396x815,2022-04-19,North,1971.96
C414,Heather,Hunt,harrisonadriana@example.org,592.246.3410x3174,2020-03-19,West,671.22
C415,Veronica,Fernandez,harrisonandrew@example.org,,2023-02-13,West,
C416,Matthew,Clark,torresjohn@example.net,655-524-2621x0236,2020-04-11,South,1237.69
C417,Natalie,Gomez,john90@example.net,342-484-6115,2021-02-20,East,1263.91
C418,Lauren,Carrillo,mindyriley@example.org,(524)640-5410,2023-04-23,West,1450.88
C419,Mary,Woods,evelynwong@example.net,001-360-473-3112x0514,2023-10-15,South,300.32
C420,Tina,Moran,christinamcdonald@example.net,,2021-05-28,South,1811.72
C421,Jacob,Diaz,cmeyers@example.com,973.819.4499x46958,2021-02-15,North,506.96
C422,Marco,Mueller,vlopez@example.net,+1-657-465-5158x548,2021-02-01,North,187.18
C423,Morgan,Hunt,jeffreymurray@example.org,001-871-318-7749x20738,2023-06-01,West,1271.42
C424,Paul,Brown,ispence@example.org,450-243-5094,2020-06-10,North,1416.32
C425,Michael,Mullins,,(388)371-0726x6432,2022-02-12,North,1747.0
C426,Robert,Alvarez,amy45@example.org,(651)297-7460x7747,2024-06-19,South,1763.02
C427,Jose,Pierce,,288-854-4689,,West,371.35
C428,Brandon,Reyes,fbernard@example.net,001-576-742-1523,2023-08-10,North,1355.9
C429,Kimberly,Coffey,warnerlindsay@example.com,,2022-06-13,South,
C430,Cynthia,Wilson,odonnellalexa@example.net,+1-433-822-9355x793,2023-09-19,South,1961.65
C431,Joyce,Allen,nataliegoodman@example.com,001-454-999-8149x8123,2021-04-09,West,1872.28
C432,Amy,Walker,jphillips@example.net,545.991.8835,2024-10-31,South,672.98
C433,Joyce,Shelton,fjohnson@example.org,592-651-9156x32527,,West,1615.51
C434,Kimberly,Smith,scott41@example.org,001-255-681-8760x81583,2023-12-14,East,1825.38
C435,Michael,Graham,zdrake@example.org,276-983-2035x8333,2023-01-18,East,1553.82
C436,Curtis,Baker,hcastillo@example.com,001-688-786-2982x856,2023-05-17,East,380.25
C437,Ashley,King,stephen67@example.com,,2021-08-16,West,104.47
C438,Brandon,Harris,jenniferjenkins@example.com,,2022-09-29,South,554.72
C439,Adam,Rhodes,rodriguezamy@example.org,(227)873-1903,2024-12-20,West,930.79
C440,Austin,Neal,rebecca05@example.org,001-367-267-4609x53553,2021-04-11,North,332.36
C441,Gina,Bennett,laurendaniels@example.org,+1-747-963-4678x63199,2023-02-09,West,292.54
C442,Amanda,Gutierrez,uchoi@example.com,+1-943-940-9754,2020-12-24,North,1775.17
C443,Cathy,Watson,,459.780.8440x56224,2024-11-09,South,
C444,Julie,Torres,hamiltonrachel@example.net,(303)633-4775x6706,2023-02-02,South,1850.64
C445,Barbara,Jimenez,lisajimenez@example.org,477.935.6898x5363,2022-09-28,North,
C446,Laura,Harrington,princejacob@example.com,(465)300-1492x39983,2024-11-15,South,674.59
C447,Dustin,Sharp,sandraestes@example.net,001-342-326-0272x14567,2021-05-03,East,1355.81
C448,Anthony,Castillo,john51@example.org,001-321-693-0308x0262,2023-12-10,East,742.42
C449,Daniel,Johnson,francischad@example.com,001-523-291-6087x694,2020-11-19,West,790.81
C450,Linda,Young,csantos@example.org,,2021-04-10,West,505.46
C451,Brad,Green,richardtorres@example.com,(949)924-4266,2023-10-17,North,1747.31
C452,Cory,Cunningham,travisgiles@example.org,2839177622,2023-12-12,South,1790.71
C453,Patrick,Howard,emilyperkins@example.net,791.601.1674,2024-04-05,East,574.38
C454,Samantha,Poole,lindsaysmith@example.org,705.673.0242x8507,2023-05-27,East,1442.67
C455,Larry,Dominguez,yrubio@example.net,463.680.6282x06574,2021-06-15,North,1891.16
C456,Jessica,Barton,bakerchristopher@example.com,+1-612-481-3244x708,2024-07-03,West,352.15
C457,Thomas,Williams,bryanmelissa@example.net,255-932-8662x3546,2020-06-19,West,1309.13
C458,David,Warren,qkelly@example.com,,2023-07-27,West,679.73
C459,Ronnie,Jackson,andrea26@example.org,963.837.2074x256,2020-07-02,North,151.93
C460,Hannah,Ford,jill00@example.org,3858300278,2022-07-06,East,1799.97
C461,Richard,Peterson,hawkinsjames@example.org,958.664.7944x8666,2023-10-21,South,823.63
C462,Brian,Garner,sarahsmith@example.org,001-355-678-9154x169,2024-08-30,West,1769.99
C463,Jennifer,Velazquez,jnicholson@example.org,(211)711-8816,2021-04-30,West,1585.66
C464,Craig,Weeks,patricia19@example.net,+1-532-363-0391x9384,2025-01-29,North,1849.14
C465,Alvin,Hill,zvaughn@example.com,467.589.0002x1473,2020-04-27,East,1228.34
C466,Jerry,Jones,butleramanda@example.net,434-797-2004,2020-11-08,East,970.79
C467,Carl,Rogers,lhodges@example.com,682.532.0277,2022-01-14,South,342.48
C468,Kelsey,Bruce,garciamarcus@example.org,,2022-03-04,East,299.45
C469,Michael,Stout,chavezsusan@example.org,(361)702-2937,2024-05-14,South,
C470,Daniel,Lopez,hansonfrank@example.net,(519)336-0311x32308,2021-06-22,South,1877.61
C471,Donald,Torres,robinsonvictoria@example.org,001-538-474-2858x251,2020-10-23,West,794.68
C472,Anthony,Watts,littlematthew@example.net,3602259200,2020-12-09,West,1181.36
C473,Deborah,Mendez,jacksontyler@example.net,,2023-03-22,South,1162.3
C474,Christina,James,proberts@example.org,,2022-07-04,South,555.66
C475,Joseph,Phillips,angelbailey@example.com,687.768.3050x145,2021-03-24,East,1209.82
C476,Kevin,Hurley,eric50@example.org,(532)637-3220x7674,2024-01-22,West,698.29
C477,Donald,Bennett,dayala@example.org,(712)586-1364x834,2022-09-13,West,
C478,Mark,Kemp,derrickhughes@example.org,753-433-8290x2290,2021-07-09,North,444.64
C479,Carla,Morris,,001-623-336-4282x9539,2020-02-29,North,211.34
C480,Tony,Cardenas,ricardowilliams@example.org,,2024-12-15,West,1689.07
C481,Keith,Williams,markperkins@example.org,001-393-536-2671x825,2020-09-10,South,1015.28
C482,Donna,Parrish,woconnor@example.net,+1-974-568-2746,2023-04-25,West,610.13
C483,Samantha,Smith,,201-707-5363x38703,2023-09-11,East,1191.83
C484,Timothy,Chan,ralph36@example.org,283.730.7470x06492,2021-08-18,West,1611.22
C485,Elijah,Walker,yangdenise@example.org,001-219-232-8364x52490,,East,895.01
C486,Robert,Davidson,rcompton@example.org,,2022-05-05,North,709.42
C487,Thomas,Stanley,walkerrachael@example.net,408.872.1464,2022-09-10,South,1118.17
C488,Timothy,Keller,jacksonkimberly@example.com,221.754.2098x61249,2022-05-25,North,
C489,Kimberly,Gomez,evansclinton@example.com,842-455-7450,2023-11-29,West,1651.91
C490,Mark,Taylor,danielryan@example.net,,2024-02-13,North,1040.93
C491,Bruce,Casey,laura78@example.net,(496)635-1543x583,,East,953.48
C492,Dennis,Gibson,czamora@example.net,+1-574-390-2031x216,2020-11-21,East,440.25
C493,Cory,Arellano,william91@example.org,(382)792-0884x94449,2023-05-23,South,1158.37
C494,Nicole,Buck,trannicole@example.org,(783)601-1582x85570,2021-09-15,South,524.7
C495,William,Harris,carolynthomas@example.org,(993)684-5489x0080,2020-04-14,South,157.33
C496,Brendan,Knight,xgallagher@example.net,+1-377-639-9227x4602,2023-09-19,West,978.38
C497,Edward,Hayes,bwalker@example.org,001-551-396-5492x7506,2022-03-16,North,371.21
C498,Brian,Doyle,martha06@example.net,955.741.8067x11145,2020-01-20,East,1632.04
C499,Kelly,Herrera,anthony48@example.com,854.680.3212x17105,2021-04-12,West,1502.81
C500,Elizabeth,Walker,msmith@example.org,708-508-6516x741,2021-08-13,North,283.96
C501,Joshua,Graham,charlescobb@example.com,576.375.0410x6567,2021-02-22,West,1705.37
C502,Cody,Owens,,704-710-6634x45694,2022-12-26,South,1227.72
C503,Kelsey,Green,raymond59@example.org,,2022-01-18,South,
C504,Natalie,Weber,williamsjessica@example.net,+1-243-720-8607x2738,2020-05-17,South,278.32
C505,Jessica,Wells,,799-557-3292,,South,860.69
C506,Michele,Hill,hillmark@example.org,(387)368-1794x920,2020-07-29,West,794.63
C507,Timothy,Kane,deborahlewis@example.net,294-655-1479x17726,2020-10-03,North,982.01
C508,Kyle,Cox,thomasanderson@example.com,(574)302-7113x9885,2023-11-07,North,126.8
C509,John,Kennedy,lindsaydean@example.com,602.275.2428x4106,2022-01-16,North,918.44
C510,Rachel,Johnston,kjohnson@example.net,001-273-227-2669x21205,2022-08-09,East,1511.09
C511,Laura,Hardy,pattersonmichaela@example.com,554-384-9849,,East,223.66
C512,Jennifer,Miller,wjohnson@example.net,(994)227-0436x8535,2021-02-02,South,1444.5
C513,Donna,Klein,shays@example.com,455-289-5988x6991,2022-11-24,West,183.13
C514,Melanie,Edwards,,+1-213-423-5639x15050,2021-05-10,West,1116.0
C515,Mary,Dorsey,wilsonlisa@example.net,260-627-5952x763,,South,1496.42
C516,Julia,Grant,gflowers@example.com,974.413.1495,2022-12-27,East,1770.8
C517,Kristina,Anderson,abruce@example.com,3968616954,2024-01-24,West,694.42
C518,Mary,Leonard,munozdavid@example.com,292.547.1377x503,2020-07-02,East,314.08
C519,Tanya,Robbins,cgardner@example.org,001-789-983-5816x9583,2023-04-08,South,1442.32
C520,Brandon,Abbott,paulking@example.com,444-723-4070x8311,2020-11-11,South,936.7
C521,Christina,Taylor,imason@example.com,001-468-215-6870,2021-05-20,East,1003.56
C522,Christopher,Martin,,749.614.1290x9984,2022-09-18,South,1019.91
C523,Mark,Castaneda,owatson@example.net,707-422-6324x33000,2023-10-02,South,791.02
C524,Eric,Vaughn,sierra14@example.net,2628380793,2021-06-11,South,1099.8
C525,Jeffery,Riggs,kennethgarrison@example.net,386-820-6382x4346,2021-09-20,North,546.75
C526,Matthew,Davidson,nicholasjohnson@example.org,(662)575-6976,,South,1215.49
C527,Benjamin,Snyder,garciamia@example.com,001-307-274-3866,2021-12-17,West,1481.86
C528,Kristina,Reed,thomas21@example.org,3642335858,2023-03-20,East,707.75
C529,Charles,Larson,faguilar@example.com,(289)778-0605,2020-09-25,East,931.47
C530,Darrell,Rivera,sonyachambers@example.com,403.588.9500x58966,2024-05-21,North,1784.52
C531,Michael,Norris,hparker@example.com,001-275-647-6289x8590,2023-07-25,East,304.77
C532,Thomas,Nelson,cookbob@example.com,226-206-9533x84730,2020-01-06,South,1201.34
C533,John,Sparks,jacksonerik@example.com,(432)324-4663,2020-07-14,North,1789.41
C534,Nathaniel,Carter,isawyer@example.com,677-560-8413x93077,2024-09-25,South,1325.4
C535,Sierra,Cooke,shellysmith@example.com,793-270-7656,2023-01-01,East,253.81
C536,Lisa,Walsh,qmathews@example.com,,2021-09-19,East,1448.1
C537,Michael,Stewart,davidmartin@example.net,(638)890-8816,2020-08-06,East,359.17
C538,Ronnie,Vega,owolfe@example.org,(891)256-7643x775,2023-05-30,North,584.25
C539,Andrea,Austin,parkertommy@example.org,+1-236-783-0364x45773,2020-05-21,East,1303.15
C540,Robert,Hubbard,cibarra@example.net,406-702-1363x52903,2021-03-15,East,1257.86
C541,Maria,Krause,,001-833-808-8401x9635,2024-02-06,West,1750.44
C542,Micheal,Reid,wyoung@example.net,523-316-8420x69246,2023-05-01,East,1050.53
C543,Austin,Powell,,001-829-579-8825x416,2021-04-07,South,1234.78
C544,Steven,Jones,markdurham@example.net,597-292-9214x905,2021-08-21,West,700.47
C545,Tara,Blake,bvasquez@example.org,,2022-09-28,East,588.4
C546,Devin,Elliott,icompton@example.com,001-212-724-4957x48732,2021-10-18,West,1621.1
C547,Nathan,Vazquez,,001-334-758-1802x6535,2020-03-05,East,659.12
C548,Ian,Zhang,david09@example.com,912.710.7160x213,,South,596.56
C549,Scott,Kim,daniel53@example.com,+1-740-502-0191,2021-09-25,South,864.84
C550,Lauren,Rubio,porterwanda@example.org,248-802-5536,2022-04-18,South,513.76
C551,Joshua,Schmitt,stacysharp@example.net,,2022-08-12,West,167.9
C552,Angela,Yates,emckee@example.org,946.609.3854x1238,2020-01-30,West,1405.4
C553,Brittany,Long,melissa12@example.org,(342)508-9882x712,2020-07-24,West,1505.29
C554,Brian,Chen,lisahamilton@example.net,204-301-6276,,South,195.33
C555,Anita,Watson,xhall@example.org,001-392-686-7980x56734,2020-08-15,East,689.68
C556,Susan,Lucas,nguyenkimberly@example.org,3464676177,2023-12-12,East,1748.33
C557,Cameron,Stephens,kristenduncan@example.org,(850)721-2133x3285,2020-04-20,North,1427.78
C558,Carolyn,Chang,anitawiley@example.net,,2023-05-29,East,295.98
C559,Howard,Johnson,stevensedward@example.org,+1-748-528-6422x3980,2024-07-31,North,
C560,Jesse,Hoffman,gonzalezbeth@example.com,4569024872,2020-07-02,West,371.11
C561,David,Cooper,tiffanycompton@example.net,787-623-1105x568,2021-02-19,North,984.89
C562,David,Jenkins,,001-506-828-4629x39745,2021-09-18,East,809.39
C563,Brian,Johnston,fullertyler@example.org,+1-931-307-6881,2020-09-09,West,1818.32
C564,Nicole,Sims,archerabigail@example.com,756.891.9529x43906,2021-06-05,North,468.55
C565,Wendy,Gonzalez,marydiaz@example.net,8149406995,2024-07-12,North,107.57
C566,Elizabeth,Foster,igallegos@example.com,2917820955,2022-07-01,East,607.92
C567,Phillip,Sandoval,darrellfox@example.net,787-922-5318x111,2023-01-11,West,1272.39
C568,Harold,Gregory,steven61@example.com,+1-467-759-5391,2024-01-02,East,1851.87
C569,Rose,Quinn,cherylcooper@example.net,966-294-8575,2024-11-01,North,1914.82
C570,Katelyn,Garcia,weberjack@example.org,588.222.9049x377,2024-03-12,West,1301.67
C571,Keith,Wood,turnerrhonda@example.org,,2020-11-19,East,592.49
C572,John,Houston,johnsmith@example.com,+1-699-581-5322x417,2024-05-17,East,777.56
C573,Juan,Jones,rowelisa@example.org,3248753033,2020-05-24,East,193.72
C574,Benjamin,Wilkins,allisoncharlene@example.com,983-828-1509,2020-10-07,West,106.83
C575,Erica,Rodriguez,bakerryan@example.org,208.649.8115x26229,2021-07-29,West,773.83
C576,Deborah,Shaw,stewartkenneth@example.org,8884765753,2023-10-13,West,1712.41
C577,Robert,Howell,kimberly45@example.net,914.373.2333,2021-05-24,North,1561.08
C578,William,Wright,jeremiah21@example.org,691.993.5207,2025-01-08,North,1030.95
C579,Jack,Rodriguez,,(907)938-6776,2023-09-27,West,
C580,Ashley,Myers,palmerkelly@example.org,+1-367-920-3438x4180,2024-10-19,South,144.2
C581,Deborah,Wright,meghanfinley@example.com,(987)862-7926,2022-09-11,South,
C582,Ashlee,Gomez,rkaufman@example.com,967-891-7872x76517,2021-09-10,North,1793.17
C583,Linda,Shields,harrisjason@example.net,577.264.9182,,West,1852.73
C584,James,Valdez,melissa34@example.org,+1-274-640-9261x37611,2022-06-07,North,1122.26
C585,Jason,Jackson,kcoleman@example.com,265-567-9162x532,2021-07-11,East,1392.51
C586,Leah,Allen,edwinchavez@example.org,001-480-894-2652x5563,2022-08-14,North,1339.73
C587,Robert,Jensen,jgaines@example.org,430-464-4365x8883,2021-07-24,South,275.26
C588,Craig,Perez,johnfry@example.net,001-545-772-9292x28685,2022-04-11,West,261.97
C589,Thomas,Watson,jennifercole@example.com,,2024-01-24,West,
C590,Lee,Velasquez,robinsonanthony@example.org,,2020-06-21,East,595.46
C591,Alexandra,Mcdonald,,859-927-2207,2022-07-27,West,1827.96
C592,Anthony,Cruz,,(800)800-7549x8241,2022-08-12,North,475.44
C593,Joe,Luna,summersmaria@example.org,645.648.1998x56237,2020-03-04,West,1075.16
C594,Curtis,Ingram,humphreywilliam@example.com,(943)333-9725x77258,2022-07-18,North,1507.24
C595,Tara,Gillespie,michellekirby@example.org,(805)660-1389,2022-07-19,South,891.87
C596,Alan,Mills,jamesnelson@example.com,899.700.1051x4032,2020-01-16,West,1894.13
C597,Lindsay,Johnson,christophersampson@example.org,+1-749-808-8009x4821,2021-01-19,West,1548.02
C598,Henry,Russo,eugenedavis@example.com,672-944-6292x0889,2020-12-14,North,444.37
C599,Jeanette,Mueller,sydney66@example.net,(224)411-4286,2024-11-28,North,704.34
C600,Laura,Alexander,vsmith@example.org,330-833-7210,2022-06-06,East,944.07
C601,Michelle,Jensen,tmcfarland@example.net,214-556-5887x325,2023-10-04,North,
C602,Joseph,Murphy,luis92@example.net,(841)446-1293x05533,2023-05-14,South,670.81
C603,Joshua,Cameron,kennedydavid@example.com,,2024-11-14,North,1343.65
C604,Margaret,Gaines,villegasgina@example.org,001-532-961-8435x548,2020-10-28,West,516.65
C605,Brooke,Jackson,sandralewis@example.com,400.710.8494,2023-09-05,East,282.27
C606,Adam,Pace,pmoore@example.org,+1-415-869-3174,2022-02-01,East,1443.86
C607,Samuel,Shepard,knighttimothy@example.org,9009335086,2020-11-03,South,1923.56
C608,Jennifer,Roberts,noah15@example.org,+1-515-822-5083x19904,2021-12-31,North,629.49
C609,Ricky,Long,anthony59@example.net,(485)621-3597x7146,2024-08-04,North,1245.04
C610,Michael,Hill,elizabeth95@example.com,001-999-279-8517,2022-02-13,West,236.78
C611,Andrew,Henderson,blankenshipshawn@example.net,864-546-8929x1537,2024-07-24,North,1953.43
C612,Teresa,Patel,edward80@example.org,904-856-3448x14208,2023-05-02,East,931.07
C613,Emma,Callahan,joshuabrowning@example.org,4897814966,2023-07-15,South,112.06
C614,Michael,Keith,lindawilliams@example.com,,,North,248.04
C615,Anthony,Stuart,uellis@example.org,668.977.6353x528,2020-04-03,West,1199.69
C616,Kevin,Walker,makaylasexton@example.com,650-882-9588x0026,2020-01-15,North,110.98
C617,Crystal,Gonzalez,zcarter@example.com,946.969.0868x822,2024-03-14,West,1456.63
C618,Maurice,Reid,larry91@example.com,398-721-8674x556,2024-02-14,North,1098.94
C619,Nicholas,Edwards,jesse09@example.net,257-601-7986x17818,2022-04-23,North,909.33
C620,Jason,Davila,matthewwhitaker@example.com,896.795.2800,2023-09-19,North,1037.87
C621,Sean,Haney,evan14@example.net,001-460-327-2980,2021-11-19,South,1134.69
C622,Gary,Becker,rmatthews@example.com,468-556-2613,2022-01-27,West,1743.43
C623,Jeffrey,Swanson,susan09@example.com,718.812.6571x2744,2024-04-28,East,102.35
C624,Eric,Williams,gbennett@example.org,9682713351,,West,1518.93
C625,Kevin,Cunningham,,4836894496,2025-01-19,South,1705.82
C626,Wayne,Wolf,davidjohnson@example.com,,2023-12-13,South,1423.69
C627,Jerry,Garrett,,954.260.2042,2022-02-02,West,
C628,Matthew,Christensen,george57@example.net,569-940-7559,2022-07-03,South,1983.6
C629,Mariah,Riley,jacobmontgomery@example.com,001-988-380-9762x757,2022-09-21,North,254.52
C630,Allison,Manning,scott38@example.com,(509)207-4345x0788,2023-03-07,South,755.27
C631,Patricia,Wilson,phillipskelsey@example.com,,2023-02-04,East,1145.8
C632,Juan,Wilson,reevesandrew@example.com,3189352214,2024-08-16,South,1295.85
C633,Lorraine,Bennett,hunterpalmer@example.net,+1-845-586-8364,2021-01-29,North,1658.47
C634,Claudia,Moore,wrobinson@example.net,+1-725-533-0174,2025-02-16,South,1604.45
C635,Paul,Castaneda,,,2024-05-07,West,938.11
C636,Shannon,Gonzalez,john43@example.net,(854)977-8760,2020-01-13,East,1645.47
C637,Diana,Brown,brendafloyd@example.org,(701)373-9968x89658,2020-02-22,East,1692.14
C638,Shannon,Sherman,kevindean@example.org,(590)804-0601x92617,2025-01-15,South,1313.72
C639,Tracey,Cox,vpowell@example.com,892-379-2652x342,2024-09-18,East,679.43
C640,Matthew,Nunez,vdavis@example.com,232.651.8977,2024-06-10,North,617.0
C641,Courtney,Howard,millererika@example.org,630.600.1573,2022-06-23,North,1374.06
C642,Linda,Jacobs,yolanda23@example.com,546-227-8669,2023-09-04,West,238.9
C643,Michael,Phillips,vsellers@example.net,910.801.5383x1164,2022-12-23,West,1402.83
C644,George,Palmer,,816-592-7410,2024-01-25,North,153.92
C645,Mary,Figueroa,kathrynyoung@example.net,(259)489-6763x30632,2023-10-05,East,279.87
C646,Brittany,Brewer,cristinajones@example.net,001-841-382-3059,,North,
C647,Timothy,Collier,,,2020-02-01,North,1564.05
C648,Ashley,Hill,,001-289-769-9840x90849,2024-05-15,North,1242.6
C649,Alyssa,Parks,clarkjames@example.net,339-583-5221,2021-02-21,East,1509.02
C650,Paul,Allison,nguyensierra@example.com,001-939-903-5175x240,2024-05-25,West,1157.29
C651,Darren,Perez,ronald31@example.org,(272)955-8613x818,2021-04-07,South,159.81
C652,Jodi,Mitchell,zburnett@example.net,657.917.3695x3226,2020-02-28,North,1616.98
C653,David,Smith,,4372164390,2022-02-28,North,
C654,Shawn,Chang,hannah58@example.net,596-932-7575x6391,2021-08-11,South,1823.93
C655,Daniel,Bailey,carol86@example.org,,2025-02-25,South,1797.68
C656,Victoria,Erickson,nicole49@example.com,001-338-825-3595x58962,2023-12-27,North,724.31
C657,Rachel,Walker,marc62@example.org,+1-259-510-2623,,North,270.48
C658,Jon,Roberts,melindawilliams@example.net,+1-225-407-4501x088,2023-03-17,West,1337.91
C659,Kevin,Johnson,,(517)959-5146x011,2024-08-21,West,164.11
C660,Lisa,Ruiz,hartmanryan@example.com,278-829-7481x040,2020-04-08,East,1262.37
C661,Anthony,Johnson,,001-617-792-4386x61244,2024-03-08,East,1419.85
C662,Mathew,Glenn,amy13@example.org,405-232-6439x7233,2021-02-18,South,1777.83
C663,Melissa,Randall,xhayes@example.org,443-265-3508x934,2024-12-28,East,1133.09
C664,Robert,Lucas,eanderson@example.com,(445)454-2408,2024-06-06,East,1671.92
C665,Benjamin,Newman,kristybecker@example.com,(562)820-7662x5666,2021-06-29,North,265.91
C666,Kyle,Murphy,yvaldez@example.org,332-232-0657x61316,2023-08-10,North,118.9
C667,Katelyn,Kelly,jacquelinehuffman@example.net,,2021-01-19,East,1954.03
C668,Steven,Thompson,brooke09@example.org,,2024-01-04,South,1089.77
C669,Reginald,Griffin,zmullins@example.com,001-797-950-9724x75757,2023-05-08,East,1227.95
C670,Jeremy,Mills,tbailey@example.com,(362)739-1115,2021-09-18,West,825.81
C671,Renee,Jennings,jonesmelissa@example.org,353.382.9117,2024-12-31,South,1644.46
C672,Jennifer,Higgins,vegabrandy@example.net,+1-983-691-5303x288,2023-10-18,North,1011.11
C673,Amanda,Washington,zsmith@example.net,(850)363-5800x8206,2021-09-04,South,1113.41
C674,Martin,Wagner,williamgutierrez@example.net,542.771.3773,2023-08-27,East,453.73
C675,David,Poole,gli@example.com,001-763-218-5786x2192,,South,114.9
C676,Michael,Smith,anita75@example.net,4134361834,2023-03-24,South,1416.13
C677,John,Allen,walkerian@example.com,001-206-598-9538x36271,2022-05-07,North,594.91
C678,Glen,Kerr,,3467764922,2021-06-13,South,137.92
C679,Thomas,Morris,lisajohnson@example.net,789.422.1071,,North,1756.27
C680,Emily,Sanford,michaelyoung@example.com,9804552823,2023-08-15,West,1838.38
C681,Travis,Lee,annaharrington@example.net,211-518-6051x6188,2024-11-14,West,1663.06
C682,Matthew,Horne,emily23@example.net,369.656.8167,2021-07-26,East,654.02
C683,Erika,Thomas,joshuajenkins@example.net,657-869-6041x814,2023-03-15,East,1299.82
C684,Nicholas,Santiago,christophercampbell@example.com,+1-411-237-6096x352,2022-01-21,North,822.79
C685,Brianna,Dominguez,joann92@example.net,970.993.0305x86020,2024-07-07,North,489.49
C686,Karen,English,jefferyromero@example.com,001-326-642-9893x16030,2023-05-17,West,683.04
C687,Krystal,Pace,nathan31@example.com,001-976-647-5788x131,2021-01-02,West,1875.96
C688,Brittany,Parks,sanderson@example.com,282.448.6596x720,2023-01-20,East,1876.07
C689,Ryan,Davidson,courtneymolina@example.com,+1-595-643-3625x2990,2022-06-17,West,201.76
C690,Anthony,Campbell,amandasexton@example.org,640.466.5012x12626,2022-10-17,West,1640.86
C691,Kevin,Rodgers,jillianmckay@example.com,,,East,
C692,Douglas,Davidson,brandi84@example.org,467-539-2171,2024-02-17,West,
C693,Richard,Bryant,dperez@example.org,734.532.0103x904,2020-09-13,West,860.28
C694,Lisa,Hernandez,taylorlarry@example.org,2787034264,2022-11-16,East,1440.73
C695,Scott,Simmons,,(683)958-2456x18798,2020-12-02,North,528.01
C696,Paul,Tucker,gjones@example.com,361.264.3926x1623,2022-07-01,East,1541.46
C697,Wendy,Rich,andersonjoshua@example.net,2106997244,2024-06-08,South,715.68
C698,Rachel,Kim,isabella30@example.com,,2020-02-29,East,1766.83
C699,Andrea,Flores,omoreno@example.com,964.718.7534,2021-07-24,North,751.41
C700,Brandi,Grimes,troydavis@example.net,6559873464,2023-12-16,South,1472.45
C701,Kathy,Williams,owilson@example.org,,2021-12-06,South,356.46
C702,Kelly,Murillo,laguirre@example.org,(616)526-4561x64844,2022-06-23,North,815.52
C703,Bryce,Frye,lisa61@example.org,9223730108,2024-08-11,South,372.55
C704,Jennifer,Medina,jacob66@example.org,926.282.1913x64390,2021-11-27,North,1101.02
C705,David,Skinner,,(453)227-8474x31410,2021-03-07,East,1272.22
C706,Sheila,Davis,brucewesley@example.org,001-487-698-1972x7693,2024-02-03,North,142.85
C707,Amanda,Haley,angela76@example.net,001-524-309-4149x587,2020-02-11,South,1443.91
C708,Danny,Lopez,,424-568-4141x097,2023-02-24,North,1710.99
C709,Rebecca,Wilson,melissa94@example.org,,2020-01-20,West,1889.6
C710,Angela,Brown,valdeztravis@example.com,643-201-3442,2023-03-13,South,253.94
C711,Eric,Garcia,bthompson@example.com,001-824-429-0246x23872,2025-02-16,East,1087.35
C712,Lauren,Bell,hayley79@example.org,+1-394-375-0217x482,2023-05-20,North,992.46
C713,Emily,Hughes,esanders@example.org,(261)952-3357x0595,2023-03-01,North,1394.58
C714,James,Gomez,trevorjohns@example.com,(619)982-7684x76015,2023-07-21,East,259.12
C715,Kendra,Ray,tracyfarmer@example.org,001-505-903-9248x960,2020-03-12,East,251.7
C716,Michael,Garcia,emma75@example.com,317.902.2048x04829,2022-05-19,South,1669.11
C717,Mary,Stephens,sabrinabennett@example.net,+1-466-900-6799,2020-03-01,East,1020.33
C718,Rachel,Ball,,001-711-944-7975x9813,2023-03-03,West,1586.03
C719,Sylvia,Gross,robertsonconnie@example.org,(409)281-9566x427,2020-03-10,North,264.25
C720,Megan,Daniel,jpennington@example.net,,2023-08-02,North,1143.83
C721,Jill,Steele,lewisjohn@example.com,709-754-4068,2020-07-03,North,1813.99
C722,John,Hernandez,edwardspaul@example.com,(422)562-1103,2021-04-05,South,1358.48
C723,Paul,Gardner,michaelstevens@example.org,001-398-208-0960x5059,2021-09-27,West,1009.65
C724,Jean,Marsh,willievelasquez@example.org,899.241.5381,2022-05-11,South,1513.68
C725,Cynthia,Garcia,daniel14@example.org,286-402-3398,2022-11-27,North,527.27
C726,Juan,Harmon,jenkinsthomas@example.net,+1-868-766-0842,2020-09-19,East,409.11
C727,Bryan,Graham,esullivan@example.net,+1-740-687-3410x821,2020-08-21,South,525.39
C728,Jennifer,Parker,karen18@example.com,001-554-704-7448,2024-06-10,West,1303.76
C729,Christopher,Ward,kevin36@example.net,875.310.6592,2024-06-07,West,1180.71
C730,Michelle,Lewis,,+1-861-524-1731x50838,,South,1074.63
C731,Michael,Bryant,lcameron@example.com,001-292-727-0566x7840,2022-06-27,East,1243.65
C732,Sarah,Valenzuela,,+1-976-641-3351,2022-01-10,North,1125.08
C733,Anthony,Jones,scott98@example.net,738-343-7047x45058,2021-05-20,East,697.3
C734,Rachel,Meyer,samuel65@example.com,(344)635-3222x697,2023-10-25,East,477.45
C735,James,Martinez,townsendmatthew@example.com,(264)354-3629x392,2023-06-02,East,381.56
C736,Susan,Foster,michael79@example.net,221.462.8280,2022-07-10,North,617.18
C737,Justin,Miller,,(931)391-1068,2021-08-22,East,1683.04
C738,Anthony,Bell,,511-540-8763x119,2021-08-18,South,1608.26
C739,Jeremy,Gordon,nbass@example.com,,2021-01-29,West,521.58
C740,Mercedes,Harris,combsjaime@example.com,416.449.7260,2025-02-21,South,1811.85
C741,Sandy,Duffy,dustinbautista@example.org,(540)733-8171x486,2023-09-11,West,262.32
C742,Crystal,Rhodes,,639.734.0509x19846,2020-07-12,West,1533.75
C743,Kendra,Griffith,,512-487-3707x491,2024-08-03,West,142.27
C744,Donald,Bullock,elliswalter@example.net,507-351-8372x695,2024-11-27,East,
C745,Rebekah,Gibbs,rebeccamccullough@example.org,+1-758-931-9150x57564,2021-03-26,North,1818.83
C746,Regina,Kemp,,,2024-12-19,North,1421.97
C747,Jasmine,Brown,michaelhayes@example.net,(947)893-8911,2024-10-24,North,700.42
C748,Kristina,Brooks,sbeck@example.net,683-467-6598x27831,2023-06-06,West,1922.37
C749,Rachel,Cooper,,421.272.2421,2020-05-25,North,1531.23
C750,Timothy,Griffin,villarrealalicia@example.org,001-266-276-5280x659,,North,1477.06
C751,Willie,Davis,sextonlisa@example.com,8669981549,2021-04-15,West,382.45
C752,Stephen,Miller,zrichardson@example.com,,2021-10-10,North,1927.23
C753,David,Benitez,portiz@example.com,001-607-240-4846x6612,2023-09-06,North,243.14
C754,Zachary,Reynolds,,774-682-9094,2021-05-03,North,
C755,Courtney,Anderson,,(513)363-6614,2022-07-10,South,1361.82
C756,Julia,Haley,lturner@example.net,001-663-528-7052,,East,160.21
C757,Robert,Brown,vcoleman@example.org,446-802-4916x6520,2020-10-27,East,1950.11
C758,Matthew,Jackson,rperez@example.com,(750)482-6296x4653,2024-07-09,East,980.49
C759,Fernando,Carr,,+1-602-670-3443x6662,2020-11-24,North,402.65
C760,William,Hart,leeeric@example.com,(372)637-6219x392,2023-06-08,East,1607.87
C761,Susan,Bates,reyesmary@example.org,,2024-04-02,East,151.3
C762,Monica,Curry,harrisonscott@example.org,,2025-01-22,West,666.78
C763,Douglas,Melton,rodriguezdavid@example.org,001-998-951-0795x7964,2024-06-23,South,360.95
C764,Ronald,Clark,,(625)275-5417x91019,2021-10-25,West,
C765,Hayley,Shelton,,409.631.0676x918,2024-06-30,North,1668.34
C766,Tammy,Harvey,fwalker@example.org,001-612-927-6706x1643,,East,894.63
C767,Lori,Hughes,martinezchristian@example.com,(822)902-8657x870,2024-12-21,South,392.39
C768,Jennifer,Watson,seanmartinez@example.com,803.684.6303x474,,South,
C769,Nicole,Brady,scott45@example.org,206-364-6533x22313,2021-07-01,East,377.09
C770,Michael,Martinez,kyleguerrero@example.org,+1-766-282-6936x328,2021-03-08,South,169.91
C771,Jessica,Richardson,perrycharles@example.com,(845)911-9908x068,2020-01-20,West,1744.43
C772,Christopher,Mullins,hornejill@example.com,387.932.6305,2021-09-03,North,212.11
C773,Michelle,Turner,moralesrobert@example.net,316.746.9654,2022-06-19,North,1043.26
C774,Jerry,Munoz,elizabethevans@example.org,,2023-08-21,West,603.33
C775,Matthew,Wong,kevinhardy@example.com,001-537-946-1079x442,2020-05-02,West,838.81
C776,Brandon,Nolan,yleblanc@example.net,(977)499-0650x20408,2020-12-19,East,
C777,Katelyn,Haynes,,942.560.7212,2023-05-31,East,1891.13
C778,Ronald,Rodriguez,vhaynes@example.com,+1-735-201-4350x2729,2023-07-06,North,955.22
C779,Taylor,Morgan,todd53@example.net,953.281.4086,2021-10-18,West,251.35
C780,Chris,Kemp,richard01@example.com,2454432818,2022-08-26,East,261.21
C781,Gary,Fowler,hannahdowns@example.net,+1-588-957-6086x3517,2020-02-15,West,1112.84
C782,Kelly,Lee,allenchristine@example.org,(790)379-4700,2024-08-14,East,187.54
C783,Lori,Mcneil,fanthony@example.org,+1-279-485-9985x2140,2022-09-06,East,330.66
C784,Claire,Jenkins,dalton82@example.org,+1-369-976-0555x6071,2024-02-21,North,717.23
C785,Ryan,Hall,,+1-913-957-6958x238,2021-05-04,South,946.15
C786,Katelyn,Mitchell,huertamichael@example.org,001-326-612-7093x39045,2024-03-30,South,1861.26
C787,Mary,Stephens,michelle54@example.net,3578701792,2024-01-09,East,1397.47
C788,Lisa,Gomez,cheyenne13@example.org,001-542-224-1119,2021-07-15,South,1688.67
C789,Jimmy,Allen,ellisteresa@example.org,978-229-5755x00801,2023-06-12,East,1303.75
C790,Julia,Blake,millerdonna@example.com,+1-261-779-1190x344,2021-08-07,East,1585.31
C791,Amanda,Rodriguez,nicholas78@example.org,+1-233-537-5399x976,2023-11-07,North,949.12
C792,Timothy,Duarte,anguyen@example.com,815-744-1694,,South,336.21
C793,Edward,Bell,swilson@example.org,(448)243-5345x935,2025-01-24,East,1641.7
C794,Rebekah,Williams,jamiecopeland@example.com,348-707-6718x885,2021-09-12,East,215.61
C795,Samantha,May,ugolden@example.net,001-636-788-1657x60611,2020-12-09,North,
C796,Kathy,Moore,,467.391.9799x50260,2024-12-25,East,
C797,Amanda,Foster,matthew45@example.net,+1-646-298-6329,2022-03-11,South,
C798,Jessica,Rivas,millerisaac@example.net,,2021-05-04,West,1680.59
C799,William,Brennan,natashahale@example.com,(210)894-7171,2024-06-22,North,1796.64
C800,John,Martin,bellamanda@example.com,984.608.6772x205,2021-05-29,South,1917.0
C801,Angela,Cooper,,280-567-5608x7971,2020-12-22,East,929.46
C802,Alyssa,Little,weberstephen@example.com,2115539370,2023-05-22,East,1703.25
C803,Holly,Morrison,amandanguyen@example.net,+1-455-640-3064,2024-08-27,East,234.55
C804,Lauren,Williamson,maryjohnson@example.com,,2024-06-27,East,249.18
C805,Veronica,Freeman,christopherrocha@example.org,+1-779-803-8258x90922,2021-01-23,West,1615.6
C806,Eric,Mccall,lolson@example.com,817.464.4240,2021-09-30,North,547.48
C807,Maurice,Jones,nicholasscott@example.org,+1-909-618-7996,2024-04-18,West,1449.06
C808,Melinda,Garrett,theresaprice@example.org,001-487-592-4421,2023-06-10,East,236.23
C809,Christopher,Kennedy,shelby83@example.com,001-286-768-4258x5610,2024-09-20,East,933.35
C810,Emily,Wagner,nmartinez@example.net,+1-944-256-6364x2090,2020-09-12,East,1357.21
C811,Maurice,Jimenez,ytaylor@example.org,+1-797-407-3395x598,2021-05-17,East,623.36
C812,Michael,Rangel,tara02@example.com,396-424-1529,2021-03-02,East,1377.34
C813,Brittany,Walker,alexander91@example.org,(519)386-6955x2127,2020-01-30,West,199.79
C814,Danielle,Brown,zrobinson@example.net,724-897-2942,2021-01-15,South,1934.39
C815,Brooke,Davis,briancarter@example.org,(703)378-7114,2022-01-30,West,486.52
C816,Joseph,Ross,qallen@example.net,,2024-11-16,West,1651.02
C817,Clarence,Smith,kellygarcia@example.net,360-547-1639x6195,2021-10-14,South,734.84
C818,James,Wood,johnjennings@example.org,(587)695-9375x957,,East,1050.33
C819,Thomas,Cooley,lindsey23@example.net,001-804-415-6520x9226,,West,1992.19
C820,Morgan,Powell,jody80@example.com,(518)200-3360x42996,2021-10-24,West,1914.65
C821,Lisa,Lee,johnsonlaura@example.org,(741)513-0307,2024-07-14,North,1674.86
C822,Diana,Thompson,campbellfrank@example.org,001-564-219-5331x357,2022-07-12,South,797.12
C823,Debbie,Johnson,,(926)510-1617,2021-07-23,North,1672.67
C824,Elizabeth,Smith,reneetaylor@example.com,256-730-2734x212,2020-01-05,West,1439.28
C825,Tracy,Fox,wolfepeter@example.net,+1-946-979-4561x8885,2022-12-11,North,
C826,John,Phillips,aaron85@example.com,575.550.4232x2668,2023-11-27,West,876.51
C827,Joel,Williams,kcooper@example.org,,2020-06-14,South,
C828,Troy,Frost,mary22@example.com,+1-672-439-4076x93225,2021-03-19,West,639.52
C829,Barbara,Smith,garrisondavid@example.org,+1-245-751-9834x7407,2020-09-15,South,1634.4
C830,Rachel,Washington,adamhenry@example.com,(587)243-9293,2021-11-04,South,1174.54
C831,Rachel,Weaver,lauriewilcox@example.net,9327622274,2020-12-23,South,1403.29
C832,Melissa,Hughes,stacy57@example.com,+1-985-954-4966x2561,2024-02-18,North,1443.4
C833,Gabriel,Hamilton,dawn72@example.net,436.858.5821x995,2024-02-13,East,611.41
C834,Veronica,Rogers,kstewart@example.org,+1-793-892-9547,2021-09-19,North,
C835,Nancy,Spencer,petersondavid@example.org,001-257-534-6128x517,2021-04-27,South,1171.82
C836,Nancy,Johnson,lisanelson@example.org,5727384136,2024-11-10,West,1615.46
C837,Jeffrey,Martinez,,+1-529-301-9181x048,2020-07-16,North,1813.44
C838,Becky,Melton,nicholas79@example.org,001-663-551-0362x4189,2023-01-11,East,1528.12
C839,Christopher,Davis,hmiller@example.net,001-655-993-6542x2719,2020-05-17,North,1329.84
C840,Christopher,Sanders,connie76@example.com,001-495-932-8618x0884,2025-01-25,South,1756.23
C841,Carrie,Lynch,leahjones@example.net,(331)635-0518x95747,2021-08-21,East,187.81
C842,Mary,Hernandez,harrisnorman@example.org,230.724.8201x327,2020-01-22,North,1500.58
C843,Matthew,Campbell,mzuniga@example.org,+1-232-645-7632x4661,2025-02-05,South,1233.1
C844,Mercedes,Moody,catherine41@example.org,238-602-4909,2023-01-14,North,1427.3
C845,Michael,Evans,daystephen@example.com,(696)631-6723x46413,2022-07-01,East,792.2
C846,Sabrina,Blevins,deleontimothy@example.com,(691)806-5918x01465,2021-11-29,North,1816.17
C847,Toni,Jones,andrea73@example.org,5027697337,2024-08-22,South,
C848,Angela,Edwards,rramirez@example.org,8158791137,2023-04-29,North,669.98
C849,Annette,Gray,jamesrobinson@example.com,4646785034,2020-10-01,West,971.47
C850,Peter,Casey,charlesanderson@example.net,(495)917-5705x7556,2023-03-01,West,1062.64
C851,Christopher,Nichols,meganshelton@example.org,8784153412,2022-04-14,West,1858.14
C852,Emily,Parker,zcasey@example.net,(290)626-4300,2021-01-20,East,336.81
C853,Joshua,Allison,leslie67@example.com,+1-234-583-1276x43597,2023-10-01,North,1859.71
C854,Paul,Dixon,ronald82@example.com,236.742.1360x1662,2023-05-03,North,1471.92
C855,Albert,Myers,stacy73@example.net,,2024-07-02,North,1310.51
C856,Kenneth,Johnson,jessica94@example.com,,2021-07-09,North,372.78
C857,Adam,Santos,laura50@example.net,583.412.3232,2020-07-17,East,180.35
C858,Cheyenne,Garcia,xparker@example.com,001-327-686-1283x91651,2021-03-11,South,905.43
C859,Paul,Blair,hbrooks@example.net,001-745-400-0278x6172,2023-08-07,North,
C860,Teresa,Smith,,440.821.9636,2022-08-30,East,779.43
C861,Edwin,Smith,sawyerjamie@example.com,967.757.8724,2024-03-16,West,706.67
C862,Cynthia,Mendez,jenniferwagner@example.org,(391)918-0591,,East,1457.88
C863,Timothy,Garrett,ryantucker@example.net,562.795.5227x53349,2021-08-03,North,1765.1
C864,Candice,Beck,brendaparker@example.net,508.394.4050,2023-07-30,North,629.74
C865,Lisa,Frazier,zachary13@example.net,(296)930-9690x3980,2023-06-18,North,1510.15
C866,Ryan,Cantu,finleypeter@example.net,716.520.6721,2020-12-03,East,1935.1
C867,Jesus,Morris,gcervantes@example.net,569.917.2033x74341,2020-01-16,East,1214.84
C868,Maria,Ward,jon95@example.net,2522341101,2023-10-03,West,1074.99
C869,Beverly,Dodson,vincentewing@example.net,473.410.9753,2024-12-11,North,1345.19
C870,Danny,Ware,ggreen@example.org,(991)760-7651,2020-02-20,West,617.73
C871,Jesse,Gordon,vblack@example.org,001-399-744-8288x04257,,East,622.67
C872,Christopher,Johnson,khanerica@example.com,576-311-5895x83424,2020-02-11,East,1762.36
C873,Adrian,Parks,dudleyleon@example.net,001-725-964-6885x34135,2024-01-10,South,293.5
C874,Stacey,Adams,brianmiller@example.org,737-349-3478,2022-04-14,South,310.11
C875,Michael,Strickland,sharoncunningham@example.org,752.775.8656x25339,2023-02-05,East,1419.6
C876,Anna,Brock,eweaver@example.com,(284)686-7688x6234,2024-01-03,South,1935.45
C877,Robert,Hobbs,davidharris@example.org,969.574.9645,2021-07-23,North,609.43
C878,Caitlin,Armstrong,,751.700.7692x076,2023-01-04,East,712.77
C879,Kevin,Soto,matthew21@example.org,(468)624-4396,2023-07-22,South,923.98
C880,Christine,Dawson,,,2022-06-04,South,1629.94
C881,Heather,Young,,345.692.0003x989,2022-12-22,East,
C882,Jaclyn,Cortez,ashley18@example.net,279.553.8013x72259,2020-04-02,South,585.34
C883,David,Berry,jeffreyjones@example.net,(630)685-3654,2020-12-21,East,1487.39
C884,Lisa,Murray,rachelarnold@example.net,(838)725-2850x1936,2020-04-24,East,1739.35
C885,Beth,Johnson,lucerojackie@example.org,237-298-2613,2022-01-23,South,1223.85
C886,Lori,Mitchell,,(200)974-1926,2022-06-27,West,1393.71
C887,Daniel,Clements,wperkins@example.com,001-583-628-8713,2023-10-06,South,470.03
C888,Gary,Woodard,omoreno@example.com,001-647-527-6623x742,2020-12-14,West,1597.22
C889,Patricia,Johnston,zthompson@example.net,(237)455-1559x81974,2025-01-15,East,1497.7
C890,James,Gray,skrueger@example.org,001-225-259-2313,2022-06-12,South,1651.78
C891,Steven,Camacho,brittanyochoa@example.net,458-580-8596,2021-09-17,North,
C892,Andrew,Pearson,arellanokevin@example.net,992-418-2751x23446,2023-04-12,East,1790.63
C893,Haley,Rogers,paulpowers@example.org,694-728-7052x799,2023-02-14,East,1139.36
C894,Emily,Adkins,jill35@example.net,001-289-782-9419x42383,,North,884.06
C895,Michael,Moore,markibarra@example.org,,2022-07-12,West,1110.25
C896,Leslie,Roy,jennifermatthews@example.com,(783)510-4589x4157,2024-05-16,North,1625.13
C897,Todd,Mullins,kimjohnson@example.com,+1-770-305-7573x7263,2025-02-22,West,1842.86
C898,Jaime,Anderson,matthew53@example.org,5572176610,,North,1482.89
C899,Kevin,Smith,hokevin@example.com,7557321128,2024-12-17,West,849.97
C900,Erica,Valdez,jennifer72@example.org,(356)368-3481x44123,2020-11-25,West,253.89
C901,Nicholas,Smith,cynthia27@example.net,+1-252-770-5053x1421,2020-01-14,East,1425.34
C902,Mallory,Little,ncox@example.org,396-911-9279x82740,2022-11-30,North,1290.22
C903,Sarah,Flores,rbriggs@example.org,+1-372-220-4632x642,2023-05-12,South,897.21
C904,Reginald,Martinez,ltorres@example.net,742.343.2174x1746,2024-02-05,West,1009.44
C905,Laura,Rubio,opowell@example.com,260-885-8891,2022-12-29,North,1664.52
C906,Timothy,Griffin,ysanford@example.org,703.208.6917x788,2020-10-30,West,685.68
C907,Brandon,Stevenson,caitlin11@example.net,419-323-7376x07361,2022-07-31,East,1354.75
C908,Garrett,Hampton,adriana37@example.com,317-234-9315x13897,2022-03-16,East,1804.02
C909,Heather,Lee,elaine49@example.net,001-441-746-5224x02516,2022-09-11,East,217.83
C910,Nicole,Ellis,hunterbeth@example.org,+1-608-686-4767,2020-04-28,East,985.76
C911,Kristen,Perez,smithjennifer@example.org,920-322-4189,2024-04-24,East,289.29
C912,Tabitha,Gilbert,smaxwell@example.net,(780)642-2498x61325,2023-08-12,South,164.89
C913,Andrew,Fowler,danakramer@example.net,,2020-07-26,West,
C914,Scott,Warren,sabrinagarcia@example.org,2177566745,2022-07-27,North,1993.48
C915,Catherine,Villarreal,whitewhitney@example.org,001-652-545-5453x26794,2024-01-25,South,341.59
C916,Jerome,Olson,larrysutton@example.org,(646)894-3958,2025-01-24,South,1734.61
C917,Lisa,Shepherd,michele13@example.net,+1-868-701-6379x551,2020-03-12,East,165.54
C918,Jerry,Perez,kstewart@example.com,774-947-6005,2020-09-17,West,182.5
C919,David,Weiss,smithsally@example.com,(666)323-4315x4048,2024-04-17,North,472.72
C920,Jessica,Diaz,jason09@example.org,001-727-619-1825x57690,2023-10-06,West,878.37
C921,Barbara,Foster,,,,South,725.52
C922,Kathryn,Kelly,bradley17@example.com,,2023-08-10,East,849.85
C923,William,Robinson,vjackson@example.org,001-307-265-0305,2021-07-17,South,1019.79
C924,Susan,Arnold,qharvey@example.org,781.425.7960x656,,North,348.79
C925,Carlos,Mercado,coreyowens@example.org,(641)480-4597,2021-03-17,East,516.3
C926,Darlene,Harrison,heather45@example.com,453.628.6132,2020-09-18,East,
C927,Gary,Martin,speck@example.net,(626)869-5825x619,2021-06-19,West,1955.32
C928,John,King,asingh@example.com,821.714.5083x8604,2021-09-18,North,192.7
C929,Daniel,Adkins,,(227)834-5337x653,2020-03-02,West,
C930,Rachel,Mann,steven83@example.com,001-713-862-2407x47274,2023-05-05,West,1425.29
C931,Brandon,Thompson,hughesjames@example.org,001-750-278-2811,2023-01-27,East,1574.96
C932,Ross,Oconnell,brittanyrojas@example.net,+1-714-919-9126x5052,2023-06-08,West,596.04
C933,Rebecca,Turner,gardnercristina@example.org,(738)540-5897,2021-07-25,South,1702.07
C934,Allen,Fisher,michael70@example.org,(860)866-9824x54105,2021-04-20,East,786.89
C935,Daniel,Black,keith46@example.com,+1-609-961-8954x247,2022-10-22,East,1564.97
C936,Randy,Williams,david81@example.org,(659)262-0475x01126,2023-01-10,West,528.01
C937,Christine,Hawkins,holly22@example.net,763.239.0434x9249,2022-08-10,East,324.88
C938,Bradley,Mendoza,jessica78@example.net,,2024-05-08,North,1733.29
C939,Kelli,Mills,,(765)682-6658x0646,2022-04-18,West,224.57
C940,Audrey,Olson,fferguson@example.com,438.521.2341,2020-04-01,East,1066.03
C941,Christopher,Dalton,william54@example.org,(762)745-9703x624,2021-02-06,East,1703.95
C942,George,Smith,kristathomas@example.com,534-385-4146,2023-11-13,East,1020.32
C943,Jesus,Martinez,kristanunez@example.com,(749)312-4000,2023-08-07,South,686.86
C944,Susan,Wilson,rpage@example.org,(660)320-6003x637,2021-03-25,South,808.76
C945,Karen,Moore,stevensonsteven@example.org,001-351-728-0121,2023-01-22,North,540.62
C946,Micheal,Rodgers,qmorris@example.com,(551)956-2093x342,2021-05-08,North,
C947,Kristen,Vargas,wcraig@example.org,877-513-0271x205,2025-01-11,South,1092.6
C948,Kerry,Townsend,contrerasgabriella@example.org,001-214-638-2897x0698,,South,979.14
C949,Brenda,Green,udiaz@example.org,348.498.1969,2021-03-24,West,1807.78
C950,Timothy,Byrd,myerstiffany@example.org,518-248-7543,2022-05-02,South,1371.15
C951,Benjamin,Grant,jim28@example.net,460.546.5453x891,2024-07-15,South,1748.72
C952,Brandi,Blake,hernandezcatherine@example.com,+1-987-400-1871x87495,2021-04-14,North,1767.01
C953,Julie,Martinez,santoslisa@example.net,950.900.0904,2024-04-27,South,1396.85
C954,Kimberly,Weiss,scott25@example.net,+1-208-959-7134x5428,,North,1050.74
C955,Brandy,Jackson,katie51@example.org,+1-339-203-8386x423,2021-01-28,West,786.0
C956,Andrea,Parker,davidanderson@example.com,001-752-782-0922x68287,2021-02-01,East,854.45
C957,Victoria,Bennett,,2368227439,2023-07-24,West,715.17
C958,Joy,Robertson,sancheztimothy@example.com,+1-663-541-6366x0105,2021-01-21,South,1828.56
C959,William,Larson,thomasparker@example.org,,2020-10-27,South,1902.78
C960,Amber,Wilson,luisthomas@example.net,+1-363-638-8962,2022-07-31,North,715.27
C961,Scott,Cordova,marcus18@example.org,+1-917-477-3809,2022-08-14,West,696.33
C962,David,Russo,jesseevans@example.net,501-598-9036x11624,2021-10-08,East,460.76
C963,Kristopher,Schwartz,williamhunt@example.com,+1-791-408-4157x90950,2020-02-13,South,594.57
C964,Rebecca,King,jillkelley@example.net,(601)216-5070,2021-08-19,East,1753.65
C965,Frank,Grant,pwilliams@example.org,992.490.4811x3338,2021-01-24,North,1142.34
C966,Tanner,Evans,garciakaren@example.com,001-292-924-8355,2022-08-11,East,272.62
C967,Jay,Richardson,mstewart@example.org,+1-794-368-5349x8147,2021-05-16,North,947.23
C968,Joseph,Jones,trios@example.org,,2021-12-22,West,419.6
C969,Walter,Bradley,stephanierush@example.com,513.964.2438,2021-10-27,South,806.5
C970,Julia,Williams,,,2021-05-17,West,1543.72
C971,Billy,James,rsummers@example.com,+1-316-530-9577x6003,2024-04-23,West,
C972,Kimberly,Knapp,adam45@example.net,907.212.9153x438,2021-11-16,West,585.19
C973,Jason,Branch,fmayo@example.org,+1-320-619-0612x426,2023-06-03,North,1681.0
C974,Ronald,Mooney,sheltonnichole@example.net,001-238-474-5702x157,2020-08-25,East,1220.87
C975,Mario,Harvey,kentbenjamin@example.org,(381)611-3209x39869,,South,1498.89
C976,John,Paul,jennifermedina@example.com,989-269-1680x036,2022-05-08,North,863.8
C977,Julie,Cooper,hendersonregina@example.net,001-626-838-1561,2023-04-26,West,1600.59
C978,Eduardo,Chen,marie80@example.org,912-377-7335,2023-11-19,North,1470.62
C979,Jonathan,Johnson,donna09@example.net,+1-499-678-8157x6899,2020-05-10,East,546.05
C980,Curtis,Fry,jacob50@example.org,709.231.7063x680,2023-03-30,South,775.42
C981,James,Robertson,pamela32@example.net,+1-562-584-3316x4326,2022-07-16,East,1750.27
C982,Taylor,Hickman,cookchristine@example.com,323.582.1684x67219,2020-12-04,East,1527.2
C983,Samuel,Browning,,+1-843-442-8348x16389,2021-03-25,North,507.7
C984,Jacob,Yu,wellspamela@example.net,+1-247-835-8950,2025-01-29,East,870.26
C985,Tracie,Campbell,jamesryan@example.com,001-665-284-2623x12681,2022-09-06,North,818.14
C986,Jacob,Thompson,hoganrachael@example.org,4047160752,2024-01-21,West,1263.82
C987,Joseph,Roy,ryan02@example.org,419.628.6972x02751,2020-06-21,North,1903.52
C988,Melinda,Wallace,spearsalan@example.net,(289)598-3877,2022-05-06,West,1952.14
C989,Theresa,Swanson,molinasarah@example.org,340.606.7866,2021-02-12,South,1233.44
C990,Katherine,Roberts,jamiejohnson@example.org,001-619-430-4622x8218,2020-08-04,East,494.83
C991,Donna,James,elizabeth44@example.com,533.605.2524x438,2022-01-30,South,1722.5
C992,Chloe,Meyer,wmeyer@example.org,(492)240-9487x8089,2024-02-07,South,311.32
C993,Anna,Davenport,geraldshelton@example.org,(418)429-4720x920,2020-11-13,East,1357.91
C994,Anne,Bright,ricky42@example.com,(879)680-4194,2022-01-24,East,1265.63
C995,Kendra,Kennedy,jonvasquez@example.com,(270)572-9512,2022-09-18,West,490.38
C996,Thomas,Lee,bradley21@example.com,,2023-01-12,East,1477.38
C997,Jessica,Yoder,andraderichard@example.org,001-639-630-7899x78343,2022-02-04,West,324.65
C998,Ronald,Phillips,rachaelleon@example.com,(984)378-5350x571,2022-04-18,East,852.23
C999,Hannah,Weeks,acardenas@example.org,+1-391-681-2983x43278,2022-01-12,South,316.43
C1000,Bruce,Decker,uhicks@example.com,001-867-368-2750x65324,2021-10-01,West,345.55
