ProductID,ProductName,Category,Price,StockLevel,Supplier,Discount,,,,,,,,,
P01,"iPad Pro 12.9"" (2023)",Electronics,869.63,495,SupplierD,21,,,,,,,,,
P02,Galaxy S23 Ultra,Electronics,1023.54,52,SupplierA,25,,,,,,,,,
P03,"LG OLED C1 65"" 4K TV",Electronics,1023.87,405,SupplierD,11,,,,,,,,,
P04,Apple Watch Series 8,Wearables,1497.07,166,SupplierC,25,,,,,,,,,
P05,Fitbit Charge 5,Wearables,696.47,132,SupplierC,15,,,,,,,,,
P06,Garmin Forerunner 955,Wearables,1120.37,489,SupplierC,7,,,,,,,,,
P07,Galaxy Buds Pro,Wearables,1720.06,399,SupplierC,18,,,,,,,,,
P08,Anker PowerCore 10000,Accessories,1833.45,162,SupplierD,17,,,,,,,,,
P09,Logitech MX Master 3,Accessories,230.9,138,SupplierA,1,,,,,,,,,
P10,Nomad Leather iPhone Case,Accessories,1694.59,406,SupplierB,9,,,,,,,,,
P01,"iPad Pro 12.9"" (2023)",Electronics,1762.63,398,SupplierC,2,,,,,,,,,
P02,Galaxy S23 Ultra,Electronics,204.3,296,SupplierD,22,,,,,,,,,
P03,"LG OLED C1 65"" 4K TV",Electronics,507.2,109,SupplierC,2,,,,,,,,,
P04,Apple Watch Series 8,Wearables,566.49,172,SupplierD,6,,,,,,,,,
P05,Fitbit Charge 5,Wearables,1933.9,355,SupplierD,12,,,,,,,,,
P06,Garmin Forerunner 955,Wearables,686.97,403,SupplierD,21,,,,,,,,,
P07,Galaxy Buds Pro,Wearables,1973.05,401,SupplierB,12,,,,,,,,,
P08,Anker PowerCore 10000,Accessories,620.61,226,SupplierD,19,,,,,,,,,
P09,Logitech MX Master 3,Accessories,503.67,18,SupplierB,9,,,,,,,,,
P10,Nomad Leather iPhone Case,Accessories,1413.6,2,SupplierA,21,,,,,,,,,
P01,"iPad Pro 12.9"" (2023)",Electronics,1847.9,413,SupplierA,9,,,,,,,,,
P02,Galaxy S23 Ultra,Electronics,180.74,179,SupplierD,1,,,,,,,,,
P03,"LG OLED C1 65"" 4K TV",Electronics,1146.74,35,SupplierA,5,,,,,,,,,
P04,Apple Watch Series 8,Wearables,1818.13,221,SupplierC,25,,,,,,,,,
P05,Fitbit Charge 5,Wearables,1592.09,308,SupplierA,13,,,,,,,,,
P06,Garmin Forerunner 955,Wearables,94.87,95,SupplierB,5,,,,,,,,,
P07,Galaxy Buds Pro,Wearables,1118.26,295,SupplierA,7,,,,,,,,,
P08,Anker PowerCore 10000,Accessories,359.96,134,SupplierC,15,,,,,,,,,
P09,Logitech MX Master 3,Accessories,707.78,322,SupplierB,10,,,,,,,,,
P10,Nomad Leather iPhone Case,Accessories,1321.8,365,SupplierC,25,,,,,,,,,
P01,"iPad Pro 12.9"" (2023)",Electronics,1390.09,271,SupplierD,12,,,,,,,,,
P02,Galaxy S23 Ultra,Electronics,611.19,117,SupplierC,9,,,,,,,,,
P03,"LG OLED C1 65"" 4K TV",Electronics,1223.42,396,SupplierC,1,,,,,,,,,
P04,Apple Watch Series 8,Wearables,1884.45,495,SupplierC,17,,,,,,,,,
P05,Fitbit Charge 5,Wearables,717.71,271,SupplierA,20,,,,,,,,,
P06,Garmin Forerunner 955,Wearables,722.63,250,SupplierB,7,,,,,,,,,
P07,Galaxy Buds Pro,Wearables,742.14,449,SupplierB,3,,,,,,,,,
P08,Anker PowerCore 10000,Accessories,1085.13,79,SupplierA,7,,,,,,,,,
P09,Logitech MX Master 3,Accessories,180.33,429,SupplierA,10,,,,,,,,,
P10,Nomad Leather iPhone Case,Accessories,397.39,149,SupplierC,18,,,,,,,,,
P01,"iPad Pro 12.9"" (2023)",Electronics,472.74,299,SupplierA,17,,,,,,,,,
P02,Galaxy S23 Ultra,Electronics,1096.69,296,SupplierB,8,,,,,,,,,
P03,"LG OLED C1 65"" 4K TV",Electronics,1408.05,275,SupplierB,19,,,,,,,,,
P04,Apple Watch Series 8,Wearables,685.1,303,SupplierB,3,,,,,,,,,
P05,Fitbit Charge 5,Wearables,395.41,305,SupplierC,7,,,,,,,,,
P06,Garmin Forerunner 955,Wearables,673.2,189,SupplierA,15,,,,,,,,,
P07,Galaxy Buds Pro,Wearables,1958.3,214,SupplierA,22,,,,,,,,,
P08,Anker PowerCore 10000,Accessories,612.52,424,SupplierA,9,,,,,,,,,
P09,Logitech MX Master 3,Accessories,438.33,61,SupplierD,1,,,,,,,,,
P10,Nomad Leather iPhone Case,Accessories,1891.27,409,SupplierA,15,,,,,,,,,
P01,"iPad Pro 12.9"" (2023)",Electronics,1286.53,342,SupplierD,13,,,,,,,,,
P02,Galaxy S23 Ultra,Electronics,1683.84,190,SupplierA,15,,,,,,,,,
P03,"LG OLED C1 65"" 4K TV",Electronics,848.09,265,SupplierD,2,,,,,,,,,
P04,Apple Watch Series 8,Wearables,363.39,134,SupplierA,9,,,,,,,,,
P05,Fitbit Charge 5,Wearables,1852.65,73,SupplierB,0,,,,,,,,,
P06,Garmin Forerunner 955,Wearables,126.09,312,SupplierB,15,,,,,,,,,
P07,Galaxy Buds Pro,Wearables,1396.11,184,SupplierD,16,,,,,,,,,
P08,Anker PowerCore 10000,Accessories,263.15,141,SupplierD,22,,,,,,,,,
P09,Logitech MX Master 3,Accessories,855.75,266,SupplierA,24,,,,,,,,,
P10,Nomad Leather iPhone Case,Accessories,1687.36,119,SupplierB,2,,,,,,,,,
P01,"iPad Pro 12.9"" (2023)",Electronics,1298.61,40,SupplierA,10,,,,,,,,,
P02,Galaxy S23 Ultra,Electronics,1481.48,7,SupplierA,3,,,,,,,,,
P03,"LG OLED C1 65"" 4K TV",Electronics,1719.62,262,SupplierD,22,,,,,,,,,
P04,Apple Watch Series 8,Wearables,111.03,232,SupplierA,0,,,,,,,,,
P05,Fitbit Charge 5,Wearables,1581.42,139,SupplierA,4,,,,,,,,,
P06,Garmin Forerunner 955,Wearables,1454.45,454,SupplierD,0,,,,,,,,,
P07,Galaxy Buds Pro,Wearables,1506.83,392,SupplierB,13,,,,,,,,,
P08,Anker PowerCore 10000,Accessories,1910.17,172,SupplierB,15,,,,,,,,,
P09,Logitech MX Master 3,Accessories,1249.41,351,SupplierB,24,,,,,,,,,
P10,Nomad Leather iPhone Case,Accessories,1835.19,276,SupplierD,11,,,,,,,,,
P01,"iPad Pro 12.9"" (2023)",Electronics,1511.99,128,SupplierD,13,,,,,,,,,
P02,Galaxy S23 Ultra,Electronics,1094.91,389,SupplierD,20,,,,,,,,,
P03,"LG OLED C1 65"" 4K TV",Electronics,465.94,458,SupplierC,11,,,,,,,,,
P04,Apple Watch Series 8,Wearables,336.68,253,SupplierB,17,,,,,,,,,
P05,Fitbit Charge 5,Wearables,1146.13,334,SupplierB,12,,,,,,,,,
P06,Garmin Forerunner 955,Wearables,1171.63,94,SupplierA,12,,,,,,,,,
P07,Galaxy Buds Pro,Wearables,1693.83,15,SupplierA,3,,,,,,,,,
P08,Anker PowerCore 10000,Accessories,258.73,485,SupplierB,13,,,,,,,,,
P09,Logitech MX Master 3,Accessories,1466.31,55,SupplierB,13,,,,,,,,,
P10,Nomad Leather iPhone Case,Accessories,481.82,274,SupplierA,17,,,,,,,,,
P01,"iPad Pro 12.9"" (2023)",Electronics,635.57,462,SupplierB,24,,,,,,,,,
P02,Galaxy S23 Ultra,Electronics,754.18,495,SupplierA,24,,,,,,,,,
P03,"LG OLED C1 65"" 4K TV",Electronics,919.44,315,SupplierA,10,,,,,,,,,
P04,Apple Watch Series 8,Wearables,1166.34,424,SupplierA,0,,,,,,,,,
P05,Fitbit Charge 5,Wearables,426.79,47,SupplierA,21,,,,,,,,,
P06,Garmin Forerunner 955,Wearables,370,179,SupplierB,15,,,,,,,,,
P07,Galaxy Buds Pro,Wearables,512.68,396,SupplierB,4,,,,,,,,,
P08,Anker PowerCore 10000,Accessories,649.21,108,SupplierC,7,,,,,,,,,
P09,Logitech MX Master 3,Accessories,55.96,338,SupplierC,23,,,,,,,,,
P10,Nomad Leather iPhone Case,Accessories,1432.1,458,SupplierB,11,,,,,,,,,
P01,"iPad Pro 12.9"" (2023)",Electronics,1040.3,149,SupplierA,1,,,,,,,,,
P02,Galaxy S23 Ultra,Electronics,637.36,296,SupplierD,4,,,,,,,,,
P03,"LG OLED C1 65"" 4K TV",Electronics,1737.89,316,SupplierB,19,,,,,,,,,
P04,Apple Watch Series 8,Wearables,1092.56,139,SupplierD,23,,,,,,,,,
P05,Fitbit Charge 5,Wearables,1719.6,253,SupplierB,19,,,,,,,,,
P06,Garmin Forerunner 955,Wearables,1306.36,497,SupplierB,14,,,,,,,,,
P07,Galaxy Buds Pro,Wearables,61.76,232,SupplierC,25,,,,,,,,,
P08,Anker PowerCore 10000,Accessories,1697.17,365,SupplierD,21,,,,,,,,,
P09,Logitech MX Master 3,Accessories,1029.77,106,SupplierB,22,,,,,,,,,
P10,Nomad Leather iPhone Case,Accessories,818.62,24,SupplierC,19,,,,,,,,,
P01,"iPad Pro 12.9"" (2023)",Electronics,693.57,311,SupplierD,18,,,,,,,,,
P02,Galaxy S23 Ultra,Electronics,1080.5,15,SupplierD,2,,,,,,,,,
P03,"LG OLED C1 65"" 4K TV",Electronics,143.17,296,SupplierD,16,,,,,,,,,
P04,Apple Watch Series 8,Wearables,232.39,439,SupplierD,7,,,,,,,,,
P05,Fitbit Charge 5,Wearables,1863.48,95,SupplierB,13,,,,,,,,,
P06,Garmin Forerunner 955,Wearables,1694.84,451,SupplierC,12,,,,,,,,,
P07,Galaxy Buds Pro,Wearables,636.88,200,SupplierB,3,,,,,,,,,
P08,Anker PowerCore 10000,Accessories,1614.9,20,SupplierA,5,,,,,,,,,
P09,Logitech MX Master 3,Accessories,1189.2,7,SupplierD,9,,,,,,,,,
P10,Nomad Leather iPhone Case,Accessories,1786.47,307,SupplierC,10,,,,,,,,,
P01,"iPad Pro 12.9"" (2023)",Electronics,533.53,36,SupplierA,3,,,,,,,,,
P02,Galaxy S23 Ultra,Electronics,1944.04,398,SupplierB,10,,,,,,,,,
P03,"LG OLED C1 65"" 4K TV",Electronics,807.42,420,SupplierC,14,,,,,,,,,
P04,Apple Watch Series 8,Wearables,732.12,280,SupplierC,10,,,,,,,,,
P05,Fitbit Charge 5,Wearables,225.14,257,SupplierD,24,,,,,,,,,
P06,Garmin Forerunner 955,Wearables,1547.67,219,SupplierC,16,,,,,,,,,
P07,Galaxy Buds Pro,Wearables,986.09,354,SupplierC,19,,,,,,,,,
P08,Anker PowerCore 10000,Accessories,1179.8,227,SupplierB,9,,,,,,,,,
P09,Logitech MX Master 3,Accessories,1184.04,127,SupplierC,22,,,,,,,,,
P10,Nomad Leather iPhone Case,Accessories,1788.07,375,SupplierC,9,,,,,,,,,
P01,"iPad Pro 12.9"" (2023)",Electronics,1611.01,79,SupplierB,0,,,,,,,,,
P02,Galaxy S23 Ultra,Electronics,1388.44,341,SupplierB,4,,,,,,,,,
P03,"LG OLED C1 65"" 4K TV",Electronics,1682.75,170,SupplierC,13,,,,,,,,,
P04,Apple Watch Series 8,Wearables,1341.88,199,SupplierC,17,,,,,,,,,
P05,Fitbit Charge 5,Wearables,734.09,157,SupplierB,2,,,,,,,,,
P06,Garmin Forerunner 955,Wearables,1416.66,209,SupplierA,24,,,,,,,,,
P07,Galaxy Buds Pro,Wearables,1984.72,164,SupplierA,2,,,,,,,,,
P08,Anker PowerCore 10000,Accessories,860.76,71,SupplierB,24,,,,,,,,,
P09,Logitech MX Master 3,Accessories,99.54,89,SupplierB,5,,,,,,,,,
P10,Nomad Leather iPhone Case,Accessories,102.02,470,SupplierB,0,,,,,,,,,
P01,"iPad Pro 12.9"" (2023)",Electronics,1539.28,268,SupplierD,2,,,,,,,,,
P02,Galaxy S23 Ultra,Electronics,569.62,404,SupplierD,7,,,,,,,,,
P03,"LG OLED C1 65"" 4K TV",Electronics,762.68,32,SupplierC,16,,,,,,,,,
P04,Apple Watch Series 8,Wearables,1825.09,112,SupplierB,10,,,,,,,,,
P05,Fitbit Charge 5,Wearables,1017.11,460,SupplierA,21,,,,,,,,,
P06,Garmin Forerunner 955,Wearables,1162.38,141,SupplierA,24,,,,,,,,,
P07,Galaxy Buds Pro,Wearables,1380.65,36,SupplierA,16,,,,,,,,,
P08,Anker PowerCore 10000,Accessories,959.44,58,SupplierA,3,,,,,,,,,
P09,Logitech MX Master 3,Accessories,1158.39,203,SupplierC,0,,,,,,,,,
P10,Nomad Leather iPhone Case,Accessories,1360.63,85,SupplierC,23,,,,,,,,,
P01,"iPad Pro 12.9"" (2023)",Electronics,1560.83,343,SupplierA,7,,,,,,,,,
P02,Galaxy S23 Ultra,Electronics,1884.08,184,SupplierC,25,,,,,,,,,
P03,"LG OLED C1 65"" 4K TV",Electronics,1613.42,448,SupplierA,20,,,,,,,,,
P04,Apple Watch Series 8,Wearables,206.14,71,SupplierA,18,,,,,,,,,
P05,Fitbit Charge 5,Wearables,1790.62,321,SupplierC,8,,,,,,,,,
P06,Garmin Forerunner 955,Wearables,1871.28,370,SupplierD,0,,,,,,,,,
P07,Galaxy Buds Pro,Wearables,1408.51,297,SupplierC,4,,,,,,,,,
P08,Anker PowerCore 10000,Accessories,753.53,320,SupplierD,12,,,,,,,,,
P09,Logitech MX Master 3,Accessories,1659.46,61,SupplierA,3,,,,,,,,,
P10,Nomad Leather iPhone Case,Accessories,1815.38,417,SupplierD,11,,,,,,,,,
P01,"iPad Pro 12.9"" (2023)",Electronics,204.29,423,SupplierB,7,,,,,,,,,
P02,Galaxy S23 Ultra,Electronics,1058.44,78,SupplierB,17,,,,,,,,,
P03,"LG OLED C1 65"" 4K TV",Electronics,1309.44,55,SupplierD,21,,,,,,,,,
P04,Apple Watch Series 8,Wearables,600.86,55,SupplierD,4,,,,,,,,,
P05,Fitbit Charge 5,Wearables,1506.08,469,SupplierC,25,,,,,,,,,
P06,Garmin Forerunner 955,Wearables,437.85,323,SupplierA,7,,,,,,,,,
P07,Galaxy Buds Pro,Wearables,1642.37,385,SupplierA,8,,,,,,,,,
P08,Anker PowerCore 10000,Accessories,763.49,454,SupplierA,1,,,,,,,,,
P09,Logitech MX Master 3,Accessories,1824.2,444,SupplierC,21,,,,,,,,,
P10,Nomad Leather iPhone Case,Accessories,581.23,436,SupplierD,18,,,,,,,,,
P01,"iPad Pro 12.9"" (2023)",Electronics,1340.62,201,SupplierD,24,,,,,,,,,
P02,Galaxy S23 Ultra,Electronics,1560.97,266,SupplierA,5,,,,,,,,,
P03,"LG OLED C1 65"" 4K TV",Electronics,1499.35,200,SupplierA,19,,,,,,,,,
P04,Apple Watch Series 8,Wearables,361.48,25,SupplierD,5,,,,,,,,,
P05,Fitbit Charge 5,Wearables,140.64,30,SupplierB,8,,,,,,,,,
P06,Garmin Forerunner 955,Wearables,171.62,259,SupplierB,14,,,,,,,,,
P07,Galaxy Buds Pro,Wearables,351.34,470,SupplierA,5,,,,,,,,,
P08,Anker PowerCore 10000,Accessories,878.18,271,SupplierD,17,,,,,,,,,
P09,Logitech MX Master 3,Accessories,1672.82,251,SupplierC,6,,,,,,,,,
P10,Nomad Leather iPhone Case,Accessories,732.35,183,SupplierC,10,,,,,,,,,
P01,"iPad Pro 12.9"" (2023)",Electronics,1458.75,479,SupplierC,12,,,,,,,,,
P02,Galaxy S23 Ultra,Electronics,184.41,259,SupplierB,17,,,,,,,,,
P03,"LG OLED C1 65"" 4K TV",Electronics,698.97,36,SupplierC,3,,,,,,,,,
P04,Apple Watch Series 8,Wearables,786.1,99,SupplierB,10,,,,,,,,,
P05,Fitbit Charge 5,Wearables,151.23,9,SupplierD,3,,,,,,,,,
P06,Garmin Forerunner 955,Wearables,1790.11,112,SupplierD,23,,,,,,,,,
P07,Galaxy Buds Pro,Wearables,1257.34,388,SupplierC,1,,,,,,,,,
P08,Anker PowerCore 10000,Accessories,751.72,322,SupplierC,3,,,,,,,,,
P09,Logitech MX Master 3,Accessories,1804.7,100,SupplierA,13,,,,,,,,,
P10,Nomad Leather iPhone Case,Accessories,877.03,384,SupplierC,12,,,,,,,,,
P01,"iPad Pro 12.9"" (2023)",Electronics,756.87,472,SupplierB,3,,,,,,,,,
P02,Galaxy S23 Ultra,Electronics,998.28,302,SupplierD,18,,,,,,,,,
P03,"LG OLED C1 65"" 4K TV",Electronics,894.32,258,SupplierD,13,,,,,,,,,
P04,Apple Watch Series 8,Wearables,1502.98,160,SupplierC,12,,,,,,,,,
P05,Fitbit Charge 5,Wearables,1476.88,294,SupplierD,16,,,,,,,,,
P06,Garmin Forerunner 955,Wearables,118.34,253,SupplierC,21,,,,,,,,,
P07,Galaxy Buds Pro,Wearables,859.24,460,SupplierD,9,,,,,,,,,
P08,Anker PowerCore 10000,Accessories,782.75,347,SupplierC,20,,,,,,,,,
P09,Logitech MX Master 3,Accessories,923.22,9,SupplierB,24,,,,,,,,,
P10,Nomad Leather iPhone Case,Accessories,1747.83,372,SupplierC,21,,,,,,,,,
P01,"iPad Pro 12.9"" (2023)",Electronics,1202.32,313,SupplierA,11,,,,,,,,,
P02,Galaxy S23 Ultra,Electronics,147.27,43,SupplierD,4,,,,,,,,,
P03,"LG OLED C1 65"" 4K TV",Electronics,1956.13,212,SupplierA,23,,,,,,,,,
P04,Apple Watch Series 8,Wearables,1806.88,92,SupplierA,3,,,,,,,,,
P05,Fitbit Charge 5,Wearables,1796.84,27,SupplierC,18,,,,,,,,,
P06,Garmin Forerunner 955,Wearables,1182.58,53,SupplierB,11,,,,,,,,,
P07,Galaxy Buds Pro,Wearables,1189.68,482,SupplierC,23,,,,,,,,,
P08,Anker PowerCore 10000,Accessories,276.08,288,SupplierA,8,,,,,,,,,
P09,Logitech MX Master 3,Accessories,1086.83,416,SupplierC,16,,,,,,,,,
P10,Nomad Leather iPhone Case,Accessories,1975.72,468,SupplierC,0,,,,,,,,,
P01,"iPad Pro 12.9"" (2023)",Electronics,671.54,19,SupplierA,2,,,,,,,,,
P02,Galaxy S23 Ultra,Electronics,1614.08,216,SupplierB,21,,,,,,,,,
P03,"LG OLED C1 65"" 4K TV",Electronics,143.26,429,SupplierB,11,,,,,,,,,
P04,Apple Watch Series 8,Wearables,949.79,398,SupplierB,16,,,,,,,,,
P05,Fitbit Charge 5,Wearables,841.95,126,SupplierC,6,,,,,,,,,
P06,Garmin Forerunner 955,Wearables,183.57,407,SupplierB,18,,,,,,,,,
P07,Galaxy Buds Pro,Wearables,1393.77,308,SupplierB,10,,,,,,,,,
P08,Anker PowerCore 10000,Accessories,1656.17,406,SupplierD,22,,,,,,,,,
P09,Logitech MX Master 3,Accessories,1137.53,183,SupplierB,22,,,,,,,,,
P10,Nomad Leather iPhone Case,Accessories,1943.53,377,SupplierB,1,,,,,,,,,
P01,"iPad Pro 12.9"" (2023)",Electronics,947.84,23,SupplierA,23,,,,,,,,,
P02,Galaxy S23 Ultra,Electronics,349.87,481,SupplierD,9,,,,,,,,,
P03,"LG OLED C1 65"" 4K TV",Electronics,1096.69,256,SupplierB,18,,,,,,,,,
P04,Apple Watch Series 8,Wearables,1684.52,131,SupplierA,2,,,,,,,,,
P05,Fitbit Charge 5,Wearables,1471.62,332,SupplierA,20,,,,,,,,,
P06,Garmin Forerunner 955,Wearables,1140.65,362,SupplierA,16,,,,,,,,,
P07,Galaxy Buds Pro,Wearables,1573.15,222,SupplierD,23,,,,,,,,,
P08,Anker PowerCore 10000,Accessories,1824.52,343,SupplierB,25,,,,,,,,,
P09,Logitech MX Master 3,Accessories,670.43,183,SupplierA,5,,,,,,,,,
P10,Nomad Leather iPhone Case,Accessories,1728.33,7,SupplierD,23,,,,,,,,,
P01,"iPad Pro 12.9"" (2023)",Electronics,1724.78,49,SupplierB,6,,,,,,,,,
P02,Galaxy S23 Ultra,Electronics,1575.08,163,SupplierA,1,,,,,,,,,
P03,"LG OLED C1 65"" 4K TV",Electronics,670.51,324,SupplierA,7,,,,,,,,,
P04,Apple Watch Series 8,Wearables,624.82,298,SupplierC,20,,,,,,,,,
P05,Fitbit Charge 5,Wearables,97.04,403,SupplierA,14,,,,,,,,,
P06,Garmin Forerunner 955,Wearables,54.21,444,SupplierB,12,,,,,,,,,
P07,Galaxy Buds Pro,Wearables,1031.23,425,SupplierD,25,,,,,,,,,
P08,Anker PowerCore 10000,Accessories,1965.17,46,SupplierC,25,,,,,,,,,
P09,Logitech MX Master 3,Accessories,459.77,317,SupplierD,7,,,,,,,,,
P10,Nomad Leather iPhone Case,Accessories,1431.95,94,SupplierB,24,,,,,,,,,
P01,"iPad Pro 12.9"" (2023)",Electronics,135.36,215,SupplierB,20,,,,,,,,,
P02,Galaxy S23 Ultra,Electronics,680.38,330,SupplierB,25,,,,,,,,,
P03,"LG OLED C1 65"" 4K TV",Electronics,899.32,297,SupplierA,15,,,,,,,,,
P04,Apple Watch Series 8,Wearables,1049.39,467,SupplierA,25,,,,,,,,,
P05,Fitbit Charge 5,Wearables,1030.67,263,SupplierD,21,,,,,,,,,
P06,Garmin Forerunner 955,Wearables,1154.72,1,SupplierC,11,,,,,,,,,
P07,Galaxy Buds Pro,Wearables,1837.09,340,SupplierB,3,,,,,,,,,
P08,Anker PowerCore 10000,Accessories,474.64,287,SupplierD,24,,,,,,,,,
P09,Logitech MX Master 3,Accessories,1796.97,231,SupplierD,10,,,,,,,,,
P10,Nomad Leather iPhone Case,Accessories,610.77,133,SupplierD,15,,,,,,,,,
P01,"iPad Pro 12.9"" (2023)",Electronics,471.18,485,SupplierA,17,,,,,,,,,
P02,Galaxy S23 Ultra,Electronics,1329.91,392,SupplierC,15,,,,,,,,,
P03,"LG OLED C1 65"" 4K TV",Electronics,156.59,266,SupplierA,11,,,,,,,,,
P04,Apple Watch Series 8,Wearables,521.84,72,SupplierC,8,,,,,,,,,
P05,Fitbit Charge 5,Wearables,916.63,53,SupplierB,4,,,,,,,,,
P06,Garmin Forerunner 955,Wearables,1562.5,171,SupplierA,5,,,,,,,,,
P07,Galaxy Buds Pro,Wearables,167.51,124,SupplierA,20,,,,,,,,,
P08,Anker PowerCore 10000,Accessories,369.64,390,SupplierA,14,,,,,,,,,
P09,Logitech MX Master 3,Accessories,1911.44,329,SupplierD,10,,,,,,,,,
P10,Nomad Leather iPhone Case,Accessories,563.81,47,SupplierD,8,,,,,,,,,
P01,"iPad Pro 12.9"" (2023)",Electronics,799.97,373,SupplierB,19,,,,,,,,,
P02,Galaxy S23 Ultra,Electronics,1757.48,171,SupplierC,14,,,,,,,,,
P03,"LG OLED C1 65"" 4K TV",Electronics,1893.95,33,SupplierD,13,,,,,,,,,
P04,Apple Watch Series 8,Wearables,1848.21,404,SupplierA,9,,,,,,,,,
P05,Fitbit Charge 5,Wearables,1209.11,249,SupplierA,13,,,,,,,,,
P06,Garmin Forerunner 955,Wearables,786.19,457,SupplierB,11,,,,,,,,,
P07,Galaxy Buds Pro,Wearables,1218.41,294,SupplierC,1,,,,,,,,,
P08,Anker PowerCore 10000,Accessories,1589.95,462,SupplierD,9,,,,,,,,,
P09,Logitech MX Master 3,Accessories,317.51,274,SupplierC,9,,,,,,,,,
P10,Nomad Leather iPhone Case,Accessories,1416,273,SupplierB,22,,,,,,,,,
P01,"iPad Pro 12.9"" (2023)",Electronics,1238.71,104,SupplierB,11,,,,,,,,,
P02,Galaxy S23 Ultra,Electronics,258.22,118,SupplierA,2,,,,,,,,,
P03,"LG OLED C1 65"" 4K TV",Electronics,272.81,431,SupplierB,4,,,,,,,,,
P04,Apple Watch Series 8,Wearables,452.74,137,SupplierA,3,,,,,,,,,
P05,Fitbit Charge 5,Wearables,1169.89,223,SupplierC,1,,,,,,,,,
P06,Garmin Forerunner 955,Wearables,916.07,119,SupplierD,21,,,,,,,,,
P07,Galaxy Buds Pro,Wearables,1404.8,170,SupplierB,0,,,,,,,,,
P08,Anker PowerCore 10000,Accessories,953.68,145,SupplierA,7,,,,,,,,,
P09,Logitech MX Master 3,Accessories,274.18,492,SupplierA,7,,,,,,,,,
P10,Nomad Leather iPhone Case,Accessories,1572.74,1,SupplierB,22,,,,,,,,,
P01,"iPad Pro 12.9"" (2023)",Electronics,1891.88,440,SupplierA,21,,,,,,,,,
P02,Galaxy S23 Ultra,Electronics,1014.88,422,SupplierD,2,,,,,,,,,
P03,"LG OLED C1 65"" 4K TV",Electronics,784.1,331,SupplierC,7,,,,,,,,,
P04,Apple Watch Series 8,Wearables,1269.93,50,SupplierC,14,,,,,,,,,
P05,Fitbit Charge 5,Wearables,187.57,164,SupplierA,2,,,,,,,,,
P06,Garmin Forerunner 955,Wearables,699.67,223,SupplierB,12,,,,,,,,,
P07,Galaxy Buds Pro,Wearables,944.22,378,SupplierD,16,,,,,,,,,
P08,Anker PowerCore 10000,Accessories,955.96,344,SupplierD,3,,,,,,,,,
P09,Logitech MX Master 3,Accessories,1029.68,500,SupplierD,4,,,,,,,,,
P10,Nomad Leather iPhone Case,Accessories,1571.97,139,SupplierA,18,,,,,,,,,
P01,"iPad Pro 12.9"" (2023)",Electronics,656.32,135,SupplierD,2,,,,,,,,,
P02,Galaxy S23 Ultra,Electronics,1592.88,331,SupplierA,18,,,,,,,,,
P03,"LG OLED C1 65"" 4K TV",Electronics,781.58,312,SupplierA,11,,,,,,,,,
P04,Apple Watch Series 8,Wearables,1870.64,111,SupplierA,3,,,,,,,,,
P05,Fitbit Charge 5,Wearables,1190.37,26,SupplierC,2,,,,,,,,,
P06,Garmin Forerunner 955,Wearables,1694.48,425,SupplierD,24,,,,,,,,,
P07,Galaxy Buds Pro,Wearables,1879.62,211,SupplierB,4,,,,,,,,,
P08,Anker PowerCore 10000,Accessories,78.54,281,SupplierA,5,,,,,,,,,
P09,Logitech MX Master 3,Accessories,68.96,434,SupplierC,0,,,,,,,,,
P10,Nomad Leather iPhone Case,Accessories,1170.1,204,SupplierA,17,,,,,,,,,
P01,"iPad Pro 12.9"" (2023)",Electronics,275.87,267,SupplierC,3,,,,,,,,,
P02,Galaxy S23 Ultra,Electronics,1888.46,254,SupplierB,24,,,,,,,,,
P03,"LG OLED C1 65"" 4K TV",Electronics,787.26,321,SupplierD,5,,,,,,,,,
P04,Apple Watch Series 8,Wearables,1932.28,392,SupplierD,20,,,,,,,,,
P05,Fitbit Charge 5,Wearables,1081.58,419,SupplierB,3,,,,,,,,,
P06,Garmin Forerunner 955,Wearables,234.26,311,SupplierB,6,,,,,,,,,
P07,Galaxy Buds Pro,Wearables,1130.55,288,SupplierB,19,,,,,,,,,
P08,Anker PowerCore 10000,Accessories,1212.81,167,SupplierC,14,,,,,,,,,
P09,Logitech MX Master 3,Accessories,1742.71,405,SupplierB,4,,,,,,,,,
P10,Nomad Leather iPhone Case,Accessories,1095.03,309,SupplierC,18,,,,,,,,,
P01,"iPad Pro 12.9"" (2023)",Electronics,1005,169,SupplierB,22,,,,,,,,,
P02,Galaxy S23 Ultra,Electronics,372.97,50,SupplierD,13,,,,,,,,,
P03,"LG OLED C1 65"" 4K TV",Electronics,1844.87,491,SupplierA,9,,,,,,,,,
P04,Apple Watch Series 8,Wearables,382.59,381,SupplierA,2,,,,,,,,,
P05,Fitbit Charge 5,Wearables,319.04,158,SupplierB,3,,,,,,,,,
P06,Garmin Forerunner 955,Wearables,1125.95,141,SupplierB,14,,,,,,,,,
P07,Galaxy Buds Pro,Wearables,1349.6,186,SupplierA,6,,,,,,,,,
P08,Anker PowerCore 10000,Accessories,1534.2,136,SupplierC,22,,,,,,,,,
P09,Logitech MX Master 3,Accessories,1838.27,386,SupplierD,17,,,,,,,,,
P10,Nomad Leather iPhone Case,Accessories,1632.46,365,SupplierA,17,,,,,,,,,
P01,"iPad Pro 12.9"" (2023)",Electronics,1496.94,41,SupplierC,24,,,,,,,,,
P02,Galaxy S23 Ultra,Electronics,1857.03,220,SupplierC,23,,,,,,,,,
P03,"LG OLED C1 65"" 4K TV",Electronics,1667.63,156,SupplierC,12,,,,,,,,,
P04,Apple Watch Series 8,Wearables,724.74,19,SupplierC,25,,,,,,,,,
P05,Fitbit Charge 5,Wearables,1559.81,482,SupplierA,16,,,,,,,,,
P06,Garmin Forerunner 955,Wearables,788.53,317,SupplierD,24,,,,,,,,,
P07,Galaxy Buds Pro,Wearables,117.24,15,SupplierB,7,,,,,,,,,
P08,Anker PowerCore 10000,Accessories,1257.19,288,SupplierA,8,,,,,,,,,
P09,Logitech MX Master 3,Accessories,332.74,231,SupplierA,25,,,,,,,,,
P10,Nomad Leather iPhone Case,Accessories,419.82,408,SupplierA,12,,,,,,,,,
P01,"iPad Pro 12.9"" (2023)",Electronics,670.75,148,SupplierA,7,,,,,,,,,
P02,Galaxy S23 Ultra,Electronics,807.66,384,SupplierC,4,,,,,,,,,
P03,"LG OLED C1 65"" 4K TV",Electronics,1409.54,354,SupplierC,19,,,,,,,,,
P04,Apple Watch Series 8,Wearables,983.45,395,SupplierC,5,,,,,,,,,
P05,Fitbit Charge 5,Wearables,1194.09,479,SupplierD,3,,,,,,,,,
P06,Garmin Forerunner 955,Wearables,651.26,346,SupplierD,18,,,,,,,,,
P07,Galaxy Buds Pro,Wearables,673.08,53,SupplierB,6,,,,,,,,,
P08,Anker PowerCore 10000,Accessories,1017.45,279,SupplierC,17,,,,,,,,,
P09,Logitech MX Master 3,Accessories,859.39,470,SupplierB,10,,,,,,,,,
P10,Nomad Leather iPhone Case,Accessories,1422.34,311,SupplierC,3,,,,,,,,,
P01,"iPad Pro 12.9"" (2023)",Electronics,969.01,440,SupplierA,7,,,,,,,,,
P02,Galaxy S23 Ultra,Electronics,738.92,45,SupplierD,12,,,,,,,,,
P03,"LG OLED C1 65"" 4K TV",Electronics,1291.18,262,SupplierD,21,,,,,,,,,
P04,Apple Watch Series 8,Wearables,332.66,413,SupplierA,12,,,,,,,,,
P05,Fitbit Charge 5,Wearables,1303.82,400,SupplierD,16,,,,,,,,,
P06,Garmin Forerunner 955,Wearables,242.78,295,SupplierC,18,,,,,,,,,
P07,Galaxy Buds Pro,Wearables,1568.26,264,SupplierC,4,,,,,,,,,
P08,Anker PowerCore 10000,Accessories,181.15,329,SupplierB,23,,,,,,,,,
P09,Logitech MX Master 3,Accessories,1343.63,314,SupplierB,13,,,,,,,,,
P10,Nomad Leather iPhone Case,Accessories,107.4,190,SupplierA,23,,,,,,,,,
P01,"iPad Pro 12.9"" (2023)",Electronics,64.92,477,SupplierD,3,,,,,,,,,
P02,Galaxy S23 Ultra,Electronics,915.01,131,SupplierB,4,,,,,,,,,
P03,"LG OLED C1 65"" 4K TV",Electronics,368.97,379,SupplierA,20,,,,,,,,,
P04,Apple Watch Series 8,Wearables,1123.59,51,SupplierC,18,,,,,,,,,
P05,Fitbit Charge 5,Wearables,1900.74,315,SupplierD,17,,,,,,,,,
P06,Garmin Forerunner 955,Wearables,1046.9,437,SupplierC,6,,,,,,,,,
P07,Galaxy Buds Pro,Wearables,998.46,392,SupplierB,21,,,,,,,,,
P08,Anker PowerCore 10000,Accessories,1300.22,22,SupplierD,19,,,,,,,,,
P09,Logitech MX Master 3,Accessories,1186.69,368,SupplierD,19,,,,,,,,,
P10,Nomad Leather iPhone Case,Accessories,1572.63,458,SupplierC,19,,,,,,,,,
P01,"iPad Pro 12.9"" (2023)",Electronics,106.83,80,SupplierC,12,,,,,,,,,
P02,Galaxy S23 Ultra,Electronics,742.86,121,SupplierC,25,,,,,,,,,
P03,"LG OLED C1 65"" 4K TV",Electronics,1652.46,267,SupplierC,3,,,,,,,,,
P04,Apple Watch Series 8,Wearables,530.57,27,SupplierA,21,,,,,,,,,
P05,Fitbit Charge 5,Wearables,499.79,379,SupplierC,2,,,,,,,,,
P06,Garmin Forerunner 955,Wearables,1767.64,486,SupplierA,18,,,,,,,,,
P07,Galaxy Buds Pro,Wearables,1921.98,211,SupplierD,12,,,,,,,,,
P08,Anker PowerCore 10000,Accessories,652.71,89,SupplierA,23,,,,,,,,,
P09,Logitech MX Master 3,Accessories,825.13,311,SupplierB,12,,,,,,,,,
P10,Nomad Leather iPhone Case,Accessories,212.77,285,SupplierC,18,,,,,,,,,
P01,"iPad Pro 12.9"" (2023)",Electronics,1996.13,192,SupplierD,22,,,,,,,,,
P02,Galaxy S23 Ultra,Electronics,1703.69,327,SupplierC,3,,,,,,,,,
P03,"LG OLED C1 65"" 4K TV",Electronics,388.36,363,SupplierD,17,,,,,,,,,
P04,Apple Watch Series 8,Wearables,841.63,466,SupplierB,0,,,,,,,,,
P05,Fitbit Charge 5,Wearables,1373.24,277,SupplierD,3,,,,,,,,,
P06,Garmin Forerunner 955,Wearables,698.99,398,SupplierD,0,,,,,,,,,
P07,Galaxy Buds Pro,Wearables,1883.26,197,SupplierB,1,,,,,,,,,
P08,Anker PowerCore 10000,Accessories,111.26,310,SupplierC,2,,,,,,,,,
P09,Logitech MX Master 3,Accessories,1867.65,317,SupplierC,8,,,,,,,,,
P10,Nomad Leather iPhone Case,Accessories,1343.73,176,SupplierA,21,,,,,,,,,
P01,"iPad Pro 12.9"" (2023)",Electronics,137.87,91,SupplierA,1,,,,,,,,,
P02,Galaxy S23 Ultra,Electronics,1437.24,12,SupplierC,14,,,,,,,,,
P03,"LG OLED C1 65"" 4K TV",Electronics,738.04,465,SupplierC,4,,,,,,,,,
P04,Apple Watch Series 8,Wearables,1708.55,394,SupplierC,10,,,,,,,,,
P05,Fitbit Charge 5,Wearables,97.26,28,SupplierB,22,,,,,,,,,
P06,Garmin Forerunner 955,Wearables,544.09,391,SupplierA,16,,,,,,,,,
P07,Galaxy Buds Pro,Wearables,348.17,446,SupplierB,5,,,,,,,,,
P08,Anker PowerCore 10000,Accessories,338.27,3,SupplierD,0,,,,,,,,,
P09,Logitech MX Master 3,Accessories,84.87,235,SupplierB,11,,,,,,,,,
P10,Nomad Leather iPhone Case,Accessories,1745.07,422,SupplierA,2,,,,,,,,,
P01,"iPad Pro 12.9"" (2023)",Electronics,733.23,20,SupplierC,22,,,,,,,,,
P02,Galaxy S23 Ultra,Electronics,1678.35,208,SupplierB,18,,,,,,,,,
P03,"LG OLED C1 65"" 4K TV",Electronics,633,174,SupplierA,1,,,,,,,,,
P04,Apple Watch Series 8,Wearables,1473.71,277,SupplierA,24,,,,,,,,,
P05,Fitbit Charge 5,Wearables,1499.73,425,SupplierA,16,,,,,,,,,
P06,Garmin Forerunner 955,Wearables,548.89,442,SupplierD,18,,,,,,,,,
P07,Galaxy Buds Pro,Wearables,256.6,360,SupplierC,17,,,,,,,,,
P08,Anker PowerCore 10000,Accessories,622.01,64,SupplierD,10,,,,,,,,,
P09,Logitech MX Master 3,Accessories,1344.1,182,SupplierC,9,,,,,,,,,
P10,Nomad Leather iPhone Case,Accessories,882.23,484,SupplierB,17,,,,,,,,,
P01,"iPad Pro 12.9"" (2023)",Electronics,1677,75,SupplierB,21,,,,,,,,,
P02,Galaxy S23 Ultra,Electronics,1273.53,324,SupplierC,24,,,,,,,,,
P03,"LG OLED C1 65"" 4K TV",Electronics,995.7,2,SupplierA,1,,,,,,,,,
P04,Apple Watch Series 8,Wearables,1683.21,438,SupplierB,11,,,,,,,,,
P05,Fitbit Charge 5,Wearables,1178.9,379,SupplierA,11,,,,,,,,,
P06,Garmin Forerunner 955,Wearables,275.13,337,SupplierC,25,,,,,,,,,
P07,Galaxy Buds Pro,Wearables,443.67,333,SupplierD,9,,,,,,,,,
P08,Anker PowerCore 10000,Accessories,966.99,266,SupplierA,18,,,,,,,,,
P09,Logitech MX Master 3,Accessories,1003.4,385,SupplierB,25,,,,,,,,,
P10,Nomad Leather iPhone Case,Accessories,1564.04,493,SupplierC,19,,,,,,,,,
P01,"iPad Pro 12.9"" (2023)",Electronics,758.87,75,SupplierC,14,,,,,,,,,
P02,Galaxy S23 Ultra,Electronics,872.34,250,SupplierB,23,,,,,,,,,
P03,"LG OLED C1 65"" 4K TV",Electronics,594.69,4,SupplierD,23,,,,,,,,,
P04,Apple Watch Series 8,Wearables,490.99,351,SupplierA,8,,,,,,,,,
P05,Fitbit Charge 5,Wearables,1108.7,1,SupplierA,20,,,,,,,,,
P06,Garmin Forerunner 955,Wearables,1245.43,57,SupplierC,15,,,,,,,,,
P07,Galaxy Buds Pro,Wearables,1773.32,405,SupplierA,7,,,,,,,,,
P08,Anker PowerCore 10000,Accessories,1068.95,229,SupplierC,12,,,,,,,,,
P09,Logitech MX Master 3,Accessories,604.63,300,SupplierC,3,,,,,,,,,
P10,Nomad Leather iPhone Case,Accessories,1527.45,374,SupplierC,8,,,,,,,,,
P01,"iPad Pro 12.9"" (2023)",Electronics,1110.39,38,SupplierA,18,,,,,,,,,
P02,Galaxy S23 Ultra,Electronics,1084.15,103,SupplierC,18,,,,,,,,,
P03,"LG OLED C1 65"" 4K TV",Electronics,1171.49,126,SupplierC,9,,,,,,,,,
P04,Apple Watch Series 8,Wearables,1242.23,410,SupplierD,22,,,,,,,,,
P05,Fitbit Charge 5,Wearables,1720.08,28,SupplierD,25,,,,,,,,,
P06,Garmin Forerunner 955,Wearables,1762.81,420,SupplierA,25,,,,,,,,,
P07,Galaxy Buds Pro,Wearables,936.56,198,SupplierB,2,,,,,,,,,
P08,Anker PowerCore 10000,Accessories,1281.16,323,SupplierB,17,,,,,,,,,
P09,Logitech MX Master 3,Accessories,630.93,68,SupplierA,10,,,,,,,,,
P10,Nomad Leather iPhone Case,Accessories,159.49,283,SupplierD,25,,,,,,,,,
P01,"iPad Pro 12.9"" (2023)",Electronics,966.32,474,SupplierA,20,,,,,,,,,
P02,Galaxy S23 Ultra,Electronics,834.83,7,SupplierC,19,,,,,,,,,
P03,"LG OLED C1 65"" 4K TV",Electronics,1633.81,314,SupplierA,15,,,,,,,,,
P04,Apple Watch Series 8,Wearables,1847.94,177,SupplierB,7,,,,,,,,,
P05,Fitbit Charge 5,Wearables,325.17,188,SupplierB,12,,,,,,,,,
P06,Garmin Forerunner 955,Wearables,713.49,381,SupplierC,0,,,,,,,,,
P07,Galaxy Buds Pro,Wearables,1843.3,491,SupplierB,4,,,,,,,,,
P08,Anker PowerCore 10000,Accessories,1342.23,453,SupplierA,9,,,,,,,,,
P09,Logitech MX Master 3,Accessories,250.44,313,SupplierA,15,,,,,,,,,
P10,Nomad Leather iPhone Case,Accessories,471.83,353,SupplierB,22,,,,,,,,,
P01,"iPad Pro 12.9"" (2023)",Electronics,689.23,290,SupplierB,7,,,,,,,,,
P02,Galaxy S23 Ultra,Electronics,732.32,5,SupplierD,6,,,,,,,,,
P03,"LG OLED C1 65"" 4K TV",Electronics,322.73,480,SupplierB,8,,,,,,,,,
P04,Apple Watch Series 8,Wearables,1164.8,355,SupplierA,9,,,,,,,,,
P05,Fitbit Charge 5,Wearables,707.04,144,SupplierC,16,,,,,,,,,
P06,Garmin Forerunner 955,Wearables,645.66,144,SupplierB,15,,,,,,,,,
P07,Galaxy Buds Pro,Wearables,1029.06,150,SupplierB,8,,,,,,,,,
P08,Anker PowerCore 10000,Accessories,768.99,167,SupplierA,25,,,,,,,,,
P09,Logitech MX Master 3,Accessories,461.15,184,SupplierA,11,,,,,,,,,
P10,Nomad Leather iPhone Case,Accessories,1212.4,363,SupplierD,5,,,,,,,,,
P01,"iPad Pro 12.9"" (2023)",Electronics,1190.53,432,SupplierB,21,,,,,,,,,
P02,Galaxy S23 Ultra,Electronics,184.28,365,SupplierC,6,,,,,,,,,
P03,"LG OLED C1 65"" 4K TV",Electronics,396.35,39,SupplierB,22,,,,,,,,,
P04,Apple Watch Series 8,Wearables,737.12,211,SupplierD,16,,,,,,,,,
P05,Fitbit Charge 5,Wearables,928.89,399,SupplierD,8,,,,,,,,,
P06,Garmin Forerunner 955,Wearables,1650.61,328,SupplierA,14,,,,,,,,,
P07,Galaxy Buds Pro,Wearables,98.67,131,SupplierA,20,,,,,,,,,
P08,Anker PowerCore 10000,Accessories,1626.16,60,SupplierA,20,,,,,,,,,
P09,Logitech MX Master 3,Accessories,1302.43,114,SupplierB,12,,,,,,,,,
P10,Nomad Leather iPhone Case,Accessories,846.61,144,SupplierA,15,,,,,,,,,
P01,"iPad Pro 12.9"" (2023)",Electronics,137.4,330,SupplierB,15,,,,,,,,,
P02,Galaxy S23 Ultra,Electronics,1261.36,196,SupplierD,19,,,,,,,,,
P03,"LG OLED C1 65"" 4K TV",Electronics,1442.11,15,SupplierC,0,,,,,,,,,
P04,Apple Watch Series 8,Wearables,683.56,180,SupplierB,15,,,,,,,,,
P05,Fitbit Charge 5,Wearables,1646.3,95,SupplierC,19,,,,,,,,,
P06,Garmin Forerunner 955,Wearables,1556.51,65,SupplierB,14,,,,,,,,,
P07,Galaxy Buds Pro,Wearables,1597.97,375,SupplierB,20,,,,,,,,,
P08,Anker PowerCore 10000,Accessories,396.72,169,SupplierC,5,,,,,,,,,
P09,Logitech MX Master 3,Accessories,1594.65,318,SupplierD,18,,,,,,,,,
P10,Nomad Leather iPhone Case,Accessories,773.21,280,SupplierB,16,,,,,,,,,
P01,"iPad Pro 12.9"" (2023)",Electronics,1686.03,165,SupplierD,9,,,,,,,,,
P02,Galaxy S23 Ultra,Electronics,1034.63,21,SupplierA,9,,,,,,,,,
P03,"LG OLED C1 65"" 4K TV",Electronics,1975.71,380,SupplierA,24,,,,,,,,,
P04,Apple Watch Series 8,Wearables,1344.33,360,SupplierA,18,,,,,,,,,
P05,Fitbit Charge 5,Wearables,162.02,66,SupplierB,4,,,,,,,,,
P06,Garmin Forerunner 955,Wearables,563.06,234,SupplierD,25,,,,,,,,,
P07,Galaxy Buds Pro,Wearables,1179.05,30,SupplierD,5,,,,,,,,,
P08,Anker PowerCore 10000,Accessories,802.1,213,SupplierC,0,,,,,,,,,
P09,Logitech MX Master 3,Accessories,1552.44,15,SupplierD,8,,,,,,,,,
P10,Nomad Leather iPhone Case,Accessories,53.44,94,SupplierD,2,,,,,,,,,
P01,"iPad Pro 12.9"" (2023)",Electronics,76.03,156,SupplierA,25,,,,,,,,,
P02,Galaxy S23 Ultra,Electronics,1666.23,263,SupplierC,11,,,,,,,,,
P03,"LG OLED C1 65"" 4K TV",Electronics,1982.24,216,SupplierA,8,,,,,,,,,
P04,Apple Watch Series 8,Wearables,1129.96,352,SupplierC,12,,,,,,,,,
P05,Fitbit Charge 5,Wearables,585.44,345,SupplierC,15,,,,,,,,,
P06,Garmin Forerunner 955,Wearables,1529.6,292,SupplierC,3,,,,,,,,,
P07,Galaxy Buds Pro,Wearables,1751.5,263,SupplierD,8,,,,,,,,,
P08,Anker PowerCore 10000,Accessories,696.23,129,SupplierD,17,,,,,,,,,
P09,Logitech MX Master 3,Accessories,443.24,252,SupplierB,24,,,,,,,,,
P10,Nomad Leather iPhone Case,Accessories,1998.67,152,SupplierB,6,,,,,,,,,
P01,"iPad Pro 12.9"" (2023)",Electronics,115.42,346,SupplierA,9,,,,,,,,,
P02,Galaxy S23 Ultra,Electronics,1162.54,112,SupplierD,12,,,,,,,,,
P03,"LG OLED C1 65"" 4K TV",Electronics,457.65,317,SupplierA,13,,,,,,,,,
P04,Apple Watch Series 8,Wearables,890.94,452,SupplierD,14,,,,,,,,,
P05,Fitbit Charge 5,Wearables,1216.58,49,SupplierC,24,,,,,,,,,
P06,Garmin Forerunner 955,Wearables,1073.18,376,SupplierD,19,,,,,,,,,
P07,Galaxy Buds Pro,Wearables,762.58,257,SupplierB,25,,,,,,,,,
P08,Anker PowerCore 10000,Accessories,1805.82,482,SupplierC,10,,,,,,,,,
P09,Logitech MX Master 3,Accessories,1393.46,206,SupplierB,10,,,,,,,,,
P10,Nomad Leather iPhone Case,Accessories,894.48,95,SupplierB,5,,,,,,,,,
P01,"iPad Pro 12.9"" (2023)",Electronics,1550.15,43,SupplierA,5,,,,,,,,,
P02,Galaxy S23 Ultra,Electronics,430.2,486,SupplierB,19,,,,,,,,,
P03,"LG OLED C1 65"" 4K TV",Electronics,1165.3,274,SupplierA,17,,,,,,,,,
P04,Apple Watch Series 8,Wearables,1272.06,49,SupplierC,18,,,,,,,,,
P05,Fitbit Charge 5,Wearables,1593.44,389,SupplierD,11,,,,,,,,,
P06,Garmin Forerunner 955,Wearables,533.88,371,SupplierC,20,,,,,,,,,
P07,Galaxy Buds Pro,Wearables,1045.05,120,SupplierC,23,,,,,,,,,
P08,Anker PowerCore 10000,Accessories,1380.84,431,SupplierD,8,,,,,,,,,
P09,Logitech MX Master 3,Accessories,1666,326,SupplierC,10,,,,,,,,,
P10,Nomad Leather iPhone Case,Accessories,1558.33,96,SupplierD,25,,,,,,,,,
P01,"iPad Pro 12.9"" (2023)",Electronics,159.84,416,SupplierB,2,,,,,,,,,
P02,Galaxy S23 Ultra,Electronics,697.24,396,SupplierD,22,,,,,,,,,
P03,"LG OLED C1 65"" 4K TV",Electronics,129.69,446,SupplierC,14,,,,,,,,,
P04,Apple Watch Series 8,Wearables,396.8,469,SupplierD,25,,,,,,,,,
P05,Fitbit Charge 5,Wearables,984.8,289,SupplierD,15,,,,,,,,,
P06,Garmin Forerunner 955,Wearables,1689.29,201,SupplierA,11,,,,,,,,,
P07,Galaxy Buds Pro,Wearables,1612.13,81,SupplierB,12,,,,,,,,,
P08,Anker PowerCore 10000,Accessories,832.63,308,SupplierC,23,,,,,,,,,
P09,Logitech MX Master 3,Accessories,1874.06,208,SupplierC,12,,,,,,,,,
P10,Nomad Leather iPhone Case,Accessories,1983.32,134,SupplierB,12,,,,,,,,,
P01,"iPad Pro 12.9"" (2023)",Electronics,102.21,260,SupplierD,18,,,,,,,,,
P02,Galaxy S23 Ultra,Electronics,1649.5,333,SupplierD,23,,,,,,,,,
P03,"LG OLED C1 65"" 4K TV",Electronics,339.2,180,SupplierB,13,,,,,,,,,
P04,Apple Watch Series 8,Wearables,1748.84,192,SupplierB,23,,,,,,,,,
P05,Fitbit Charge 5,Wearables,1229.56,404,SupplierA,22,,,,,,,,,
P06,Garmin Forerunner 955,Wearables,1221.85,461,SupplierD,5,,,,,,,,,
P07,Galaxy Buds Pro,Wearables,1534.25,174,SupplierB,17,,,,,,,,,
P08,Anker PowerCore 10000,Accessories,916.66,178,SupplierC,11,,,,,,,,,
P09,Logitech MX Master 3,Accessories,1991.58,205,SupplierC,13,,,,,,,,,
P10,Nomad Leather iPhone Case,Accessories,1881.47,394,SupplierB,13,,,,,,,,,
P01,"iPad Pro 12.9"" (2023)",Electronics,1396.01,12,SupplierB,23,,,,,,,,,
P02,Galaxy S23 Ultra,Electronics,1993.25,263,SupplierB,20,,,,,,,,,
P03,"LG OLED C1 65"" 4K TV",Electronics,57.33,369,SupplierD,5,,,,,,,,,
P04,Apple Watch Series 8,Wearables,466.24,283,SupplierC,10,,,,,,,,,
P05,Fitbit Charge 5,Wearables,699.41,425,SupplierD,0,,,,,,,,,
P06,Garmin Forerunner 955,Wearables,94.46,399,SupplierB,6,,,,,,,,,
P07,Galaxy Buds Pro,Wearables,1310.89,97,SupplierC,7,,,,,,,,,
P08,Anker PowerCore 10000,Accessories,948.25,104,SupplierC,8,,,,,,,,,
P09,Logitech MX Master 3,Accessories,1286.15,13,SupplierC,0,,,,,,,,,
P10,Nomad Leather iPhone Case,Accessories,287.05,343,SupplierD,12,,,,,,,,,
P01,"iPad Pro 12.9"" (2023)",Electronics,1237.6,225,SupplierD,0,,,,,,,,,
P02,Galaxy S23 Ultra,Electronics,329.23,160,SupplierD,7,,,,,,,,,
P03,"LG OLED C1 65"" 4K TV",Electronics,491.3,151,SupplierC,10,,,,,,,,,
P04,Apple Watch Series 8,Wearables,356.49,54,SupplierD,3,,,,,,,,,
P05,Fitbit Charge 5,Wearables,539.63,330,SupplierB,16,,,,,,,,,
P06,Garmin Forerunner 955,Wearables,1880.08,124,SupplierB,5,,,,,,,,,
P07,Galaxy Buds Pro,Wearables,282.33,335,SupplierC,12,,,,,,,,,
P08,Anker PowerCore 10000,Accessories,1490.61,494,SupplierA,17,,,,,,,,,
P09,Logitech MX Master 3,Accessories,549.78,28,SupplierD,23,,,,,,,,,
P10,Nomad Leather iPhone Case,Accessories,139.12,134,SupplierA,22,,,,,,,,,
P01,"iPad Pro 12.9"" (2023)",Electronics,1780.77,232,SupplierB,16,,,,,,,,,
P02,Galaxy S23 Ultra,Electronics,476.95,441,SupplierA,7,,,,,,,,,
P03,"LG OLED C1 65"" 4K TV",Electronics,1960.87,463,SupplierC,18,,,,,,,,,
P04,Apple Watch Series 8,Wearables,595.88,185,SupplierA,22,,,,,,,,,
P05,Fitbit Charge 5,Wearables,1110.3,42,SupplierB,20,,,,,,,,,
P06,Garmin Forerunner 955,Wearables,272.11,60,SupplierD,9,,,,,,,,,
P07,Galaxy Buds Pro,Wearables,211.81,494,SupplierA,16,,,,,,,,,
P08,Anker PowerCore 10000,Accessories,1348.92,137,SupplierA,6,,,,,,,,,
P09,Logitech MX Master 3,Accessories,662.7,178,SupplierD,5,,,,,,,,,
P10,Nomad Leather iPhone Case,Accessories,1980.34,143,SupplierD,23,,,,,,,,,
P01,"iPad Pro 12.9"" (2023)",Electronics,715.02,385,SupplierC,14,,,,,,,,,
P02,Galaxy S23 Ultra,Electronics,345.39,193,SupplierC,12,,,,,,,,,
P03,"LG OLED C1 65"" 4K TV",Electronics,1245.29,112,SupplierB,24,,,,,,,,,
P04,Apple Watch Series 8,Wearables,382.05,153,SupplierC,4,,,,,,,,,
P05,Fitbit Charge 5,Wearables,693.93,44,SupplierB,19,,,,,,,,,
P06,Garmin Forerunner 955,Wearables,965.93,471,SupplierD,10,,,,,,,,,
P07,Galaxy Buds Pro,Wearables,1079.28,54,SupplierC,3,,,,,,,,,
P08,Anker PowerCore 10000,Accessories,1685.93,321,SupplierA,12,,,,,,,,,
P09,Logitech MX Master 3,Accessories,1340.93,140,SupplierC,2,,,,,,,,,
P10,Nomad Leather iPhone Case,Accessories,651.04,473,SupplierB,10,,,,,,,,,
P01,"iPad Pro 12.9"" (2023)",Electronics,709.85,347,SupplierA,23,,,,,,,,,
P02,Galaxy S23 Ultra,Electronics,1724.74,227,SupplierA,7,,,,,,,,,
P03,"LG OLED C1 65"" 4K TV",Electronics,1690.24,108,SupplierA,13,,,,,,,,,
P04,Apple Watch Series 8,Wearables,360.36,295,SupplierA,8,,,,,,,,,
P05,Fitbit Charge 5,Wearables,967.87,52,SupplierB,6,,,,,,,,,
P06,Garmin Forerunner 955,Wearables,602.03,359,SupplierC,24,,,,,,,,,
P07,Galaxy Buds Pro,Wearables,478.91,489,SupplierD,16,,,,,,,,,
P08,Anker PowerCore 10000,Accessories,1080.75,410,SupplierD,1,,,,,,,,,
P09,Logitech MX Master 3,Accessories,1584.74,457,SupplierA,12,,,,,,,,,
P10,Nomad Leather iPhone Case,Accessories,816.76,111,SupplierB,14,,,,,,,,,
P01,"iPad Pro 12.9"" (2023)",Electronics,1116.61,161,SupplierA,19,,,,,,,,,
P02,Galaxy S23 Ultra,Electronics,1561.86,78,SupplierB,10,,,,,,,,,
P03,"LG OLED C1 65"" 4K TV",Electronics,1415.69,13,SupplierB,25,,,,,,,,,
P04,Apple Watch Series 8,Wearables,1326.36,125,SupplierD,14,,,,,,,,,
P05,Fitbit Charge 5,Wearables,1255.87,207,SupplierA,16,,,,,,,,,
P06,Garmin Forerunner 955,Wearables,322.64,351,SupplierB,15,,,,,,,,,
P07,Galaxy Buds Pro,Wearables,1489.54,335,SupplierC,0,,,,,,,,,
P08,Anker PowerCore 10000,Accessories,1452.07,108,SupplierC,19,,,,,,,,,
P09,Logitech MX Master 3,Accessories,696.67,160,SupplierA,0,,,,,,,,,
P10,Nomad Leather iPhone Case,Accessories,1626.9,211,SupplierD,4,,,,,,,,,
P01,"iPad Pro 12.9"" (2023)",Electronics,1254.3,256,SupplierD,19,,,,,,,,,
P02,Galaxy S23 Ultra,Electronics,501.48,493,SupplierC,12,,,,,,,,,
P03,"LG OLED C1 65"" 4K TV",Electronics,658.26,140,SupplierB,16,,,,,,,,,
P04,Apple Watch Series 8,Wearables,1697.32,261,SupplierA,24,,,,,,,,,
P05,Fitbit Charge 5,Wearables,877.14,287,SupplierA,8,,,,,,,,,
P06,Garmin Forerunner 955,Wearables,586.69,423,SupplierD,12,,,,,,,,,
P07,Galaxy Buds Pro,Wearables,1515.9,164,SupplierD,5,,,,,,,,,
P08,Anker PowerCore 10000,Accessories,1566.25,44,SupplierD,0,,,,,,,,,
P09,Logitech MX Master 3,Accessories,173.06,403,SupplierD,0,,,,,,,,,
P10,Nomad Leather iPhone Case,Accessories,576.05,379,SupplierA,18,,,,,,,,,
P01,"iPad Pro 12.9"" (2023)",Electronics,1782.19,173,SupplierB,15,,,,,,,,,
P02,Galaxy S23 Ultra,Electronics,211.25,257,SupplierC,6,,,,,,,,,
P03,"LG OLED C1 65"" 4K TV",Electronics,1291.3,34,SupplierB,18,,,,,,,,,
P04,Apple Watch Series 8,Wearables,1571.12,282,SupplierC,0,,,,,,,,,
P05,Fitbit Charge 5,Wearables,140.32,459,SupplierA,3,,,,,,,,,
P06,Garmin Forerunner 955,Wearables,1079.91,223,SupplierA,8,,,,,,,,,
P07,Galaxy Buds Pro,Wearables,405.03,70,SupplierC,5,,,,,,,,,
P08,Anker PowerCore 10000,Accessories,1769.74,270,SupplierD,12,,,,,,,,,
P09,Logitech MX Master 3,Accessories,1793.44,138,SupplierB,18,,,,,,,,,
P10,Nomad Leather iPhone Case,Accessories,376.42,176,SupplierD,5,,,,,,,,,
P01,"iPad Pro 12.9"" (2023)",Electronics,985.39,264,SupplierD,13,,,,,,,,,
P02,Galaxy S23 Ultra,Electronics,351.14,123,SupplierC,16,,,,,,,,,
P03,"LG OLED C1 65"" 4K TV",Electronics,96.49,328,SupplierA,14,,,,,,,,,
P04,Apple Watch Series 8,Wearables,818.45,46,SupplierC,8,,,,,,,,,
P05,Fitbit Charge 5,Wearables,1801.48,281,SupplierC,11,,,,,,,,,
P06,Garmin Forerunner 955,Wearables,1096.27,72,SupplierA,21,,,,,,,,,
P07,Galaxy Buds Pro,Wearables,1139.06,330,SupplierC,23,,,,,,,,,
P08,Anker PowerCore 10000,Accessories,240.56,412,SupplierA,9,,,,,,,,,
P09,Logitech MX Master 3,Accessories,621.71,367,SupplierB,13,,,,,,,,,
P10,Nomad Leather iPhone Case,Accessories,1864.42,164,SupplierB,25,,,,,,,,,
P01,"iPad Pro 12.9"" (2023)",Electronics,1836.59,393,SupplierA,13,,,,,,,,,
P02,Galaxy S23 Ultra,Electronics,1483.69,298,SupplierA,21,,,,,,,,,
P03,"LG OLED C1 65"" 4K TV",Electronics,298.96,104,SupplierC,4,,,,,,,,,
P04,Apple Watch Series 8,Wearables,1544.83,321,SupplierA,8,,,,,,,,,
P05,Fitbit Charge 5,Wearables,1229.94,303,SupplierC,18,,,,,,,,,
P06,Garmin Forerunner 955,Wearables,1880.18,385,SupplierC,2,,,,,,,,,
P07,Galaxy Buds Pro,Wearables,1048.93,284,SupplierA,3,,,,,,,,,
P08,Anker PowerCore 10000,Accessories,1183.52,18,SupplierB,14,,,,,,,,,
P09,Logitech MX Master 3,Accessories,564.24,172,SupplierD,14,,,,,,,,,
P10,Nomad Leather iPhone Case,Accessories,1679.22,316,SupplierB,23,,,,,,,,,
P01,"iPad Pro 12.9"" (2023)",Electronics,170.9,336,SupplierB,9,,,,,,,,,
P02,Galaxy S23 Ultra,Electronics,326.07,249,SupplierD,12,,,,,,,,,
P03,"LG OLED C1 65"" 4K TV",Electronics,189.98,87,SupplierC,4,,,,,,,,,
P04,Apple Watch Series 8,Wearables,854.37,372,SupplierC,18,,,,,,,,,
P05,Fitbit Charge 5,Wearables,683.32,113,SupplierB,23,,,,,,,,,
P06,Garmin Forerunner 955,Wearables,486.95,204,SupplierB,5,,,,,,,,,
P07,Galaxy Buds Pro,Wearables,1775.92,468,SupplierA,1,,,,,,,,,
P08,Anker PowerCore 10000,Accessories,1592.42,299,SupplierD,18,,,,,,,,,
P09,Logitech MX Master 3,Accessories,445.78,59,SupplierA,16,,,,,,,,,
P10,Nomad Leather iPhone Case,Accessories,250.84,74,SupplierC,11,,,,,,,,,
P01,"iPad Pro 12.9"" (2023)",Electronics,1142.13,338,SupplierC,0,,,,,,,,,
P02,Galaxy S23 Ultra,Electronics,1874.08,298,SupplierB,4,,,,,,,,,
P03,"LG OLED C1 65"" 4K TV",Electronics,930.62,101,SupplierC,3,,,,,,,,,
P04,Apple Watch Series 8,Wearables,107.59,69,SupplierD,17,,,,,,,,,
P05,Fitbit Charge 5,Wearables,997.47,308,SupplierA,1,,,,,,,,,
P06,Garmin Forerunner 955,Wearables,1764.65,221,SupplierA,19,,,,,,,,,
P07,Galaxy Buds Pro,Wearables,1715.72,236,SupplierA,24,,,,,,,,,
P08,Anker PowerCore 10000,Accessories,1511.62,442,SupplierB,3,,,,,,,,,
P09,Logitech MX Master 3,Accessories,828.25,236,SupplierB,11,,,,,,,,,
P10,Nomad Leather iPhone Case,Accessories,612.96,494,SupplierD,6,,,,,,,,,
P01,"iPad Pro 12.9"" (2023)",Electronics,1880.87,393,SupplierC,18,,,,,,,,,
P02,Galaxy S23 Ultra,Electronics,1972.86,306,SupplierA,1,,,,,,,,,
P03,"LG OLED C1 65"" 4K TV",Electronics,773.8,364,SupplierC,9,,,,,,,,,
P04,Apple Watch Series 8,Wearables,403.71,357,SupplierA,22,,,,,,,,,
P05,Fitbit Charge 5,Wearables,1385.39,174,SupplierB,14,,,,,,,,,
P06,Garmin Forerunner 955,Wearables,571.94,236,SupplierD,16,,,,,,,,,
P07,Galaxy Buds Pro,Wearables,1360.45,278,SupplierD,17,,,,,,,,,
P08,Anker PowerCore 10000,Accessories,1234.7,241,SupplierD,15,,,,,,,,,
P09,Logitech MX Master 3,Accessories,1641.39,29,SupplierB,16,,,,,,,,,
P10,Nomad Leather iPhone Case,Accessories,499.07,47,SupplierC,22,,,,,,,,,
P01,"iPad Pro 12.9"" (2023)",Electronics,686.13,314,SupplierB,19,,,,,,,,,
P02,Galaxy S23 Ultra,Electronics,1344.79,2,SupplierC,1,,,,,,,,,
P03,"LG OLED C1 65"" 4K TV",Electronics,1510.75,491,SupplierB,22,,,,,,,,,
P04,Apple Watch Series 8,Wearables,1852.07,90,SupplierA,23,,,,,,,,,
P05,Fitbit Charge 5,Wearables,146.17,453,SupplierB,12,,,,,,,,,
P06,Garmin Forerunner 955,Wearables,116.42,57,SupplierC,18,,,,,,,,,
P07,Galaxy Buds Pro,Wearables,408.41,163,SupplierA,11,,,,,,,,,
P08,Anker PowerCore 10000,Accessories,1867.36,448,SupplierC,0,,,,,,,,,
P09,Logitech MX Master 3,Accessories,1423.27,464,SupplierC,24,,,,,,,,,
P10,Nomad Leather iPhone Case,Accessories,1689.92,281,SupplierD,21,,,,,,,,,
P01,"iPad Pro 12.9"" (2023)",Electronics,1419.97,9,SupplierD,25,,,,,,,,,
P02,Galaxy S23 Ultra,Electronics,270.4,421,SupplierA,1,,,,,,,,,
P03,"LG OLED C1 65"" 4K TV",Electronics,1595.54,58,SupplierC,9,,,,,,,,,
P04,Apple Watch Series 8,Wearables,1124.99,227,SupplierD,13,,,,,,,,,
P05,Fitbit Charge 5,Wearables,587.79,9,SupplierC,25,,,,,,,,,
P06,Garmin Forerunner 955,Wearables,1059.36,30,SupplierA,24,,,,,,,,,
P07,Galaxy Buds Pro,Wearables,1964.62,435,SupplierB,17,,,,,,,,,
P08,Anker PowerCore 10000,Accessories,242.47,60,SupplierC,16,,,,,,,,,
P09,Logitech MX Master 3,Accessories,1321.5,184,SupplierC,22,,,,,,,,,
P10,Nomad Leather iPhone Case,Accessories,577.71,158,SupplierA,3,,,,,,,,,
P01,"iPad Pro 12.9"" (2023)",Electronics,114.55,49,SupplierA,1,,,,,,,,,
P02,Galaxy S23 Ultra,Electronics,1623.28,317,SupplierD,9,,,,,,,,,
P03,"LG OLED C1 65"" 4K TV",Electronics,521.78,278,SupplierC,9,,,,,,,,,
P04,Apple Watch Series 8,Wearables,705.93,230,SupplierB,2,,,,,,,,,
P05,Fitbit Charge 5,Wearables,1468.71,238,SupplierC,15,,,,,,,,,
P06,Garmin Forerunner 955,Wearables,629.76,392,SupplierC,1,,,,,,,,,
P07,Galaxy Buds Pro,Wearables,1884.31,418,SupplierD,18,,,,,,,,,
P08,Anker PowerCore 10000,Accessories,1530.74,496,SupplierD,3,,,,,,,,,
P09,Logitech MX Master 3,Accessories,762.61,433,SupplierA,4,,,,,,,,,
P10,Nomad Leather iPhone Case,Accessories,1867.16,255,SupplierC,10,,,,,,,,,
P01,"iPad Pro 12.9"" (2023)",Electronics,1717.05,308,SupplierB,14,,,,,,,,,
P02,Galaxy S23 Ultra,Electronics,1681.42,142,SupplierA,18,,,,,,,,,
P03,"LG OLED C1 65"" 4K TV",Electronics,754.73,349,SupplierC,8,,,,,,,,,
P04,Apple Watch Series 8,Wearables,1423.11,64,SupplierD,18,,,,,,,,,
P05,Fitbit Charge 5,Wearables,1423.08,319,SupplierC,22,,,,,,,,,
P06,Garmin Forerunner 955,Wearables,399.45,122,SupplierD,13,,,,,,,,,
P07,Galaxy Buds Pro,Wearables,1083.41,290,SupplierB,20,,,,,,,,,
P08,Anker PowerCore 10000,Accessories,256.88,391,SupplierC,16,,,,,,,,,
P09,Logitech MX Master 3,Accessories,1097.72,405,SupplierC,3,,,,,,,,,
P10,Nomad Leather iPhone Case,Accessories,144.57,343,SupplierD,21,,,,,,,,,
P01,"iPad Pro 12.9"" (2023)",Electronics,334.34,459,SupplierC,1,,,,,,,,,
P02,Galaxy S23 Ultra,Electronics,439.27,384,SupplierA,3,,,,,,,,,
P03,"LG OLED C1 65"" 4K TV",Electronics,560.71,327,SupplierD,14,,,,,,,,,
P04,Apple Watch Series 8,Wearables,1023.96,447,SupplierB,21,,,,,,,,,
P05,Fitbit Charge 5,Wearables,454.09,359,SupplierA,24,,,,,,,,,
P06,Garmin Forerunner 955,Wearables,1360.44,262,SupplierD,5,,,,,,,,,
P07,Galaxy Buds Pro,Wearables,1196.38,86,SupplierB,5,,,,,,,,,
P08,Anker PowerCore 10000,Accessories,1120.92,13,SupplierA,5,,,,,,,,,
P09,Logitech MX Master 3,Accessories,166.8,8,SupplierB,21,,,,,,,,,
P10,Nomad Leather iPhone Case,Accessories,1393.53,254,SupplierA,0,,,,,,,,,
P01,"iPad Pro 12.9"" (2023)",Electronics,782.75,412,SupplierD,17,,,,,,,,,
P02,Galaxy S23 Ultra,Electronics,224.22,19,SupplierB,7,,,,,,,,,
P03,"LG OLED C1 65"" 4K TV",Electronics,1549.61,323,SupplierA,3,,,,,,,,,
P04,Apple Watch Series 8,Wearables,604.85,268,SupplierC,20,,,,,,,,,
P05,Fitbit Charge 5,Wearables,410.33,334,SupplierC,21,,,,,,,,,
P06,Garmin Forerunner 955,Wearables,1843.44,423,SupplierD,24,,,,,,,,,
P07,Galaxy Buds Pro,Wearables,1255.07,421,SupplierB,9,,,,,,,,,
P08,Anker PowerCore 10000,Accessories,309.14,101,SupplierA,19,,,,,,,,,
P09,Logitech MX Master 3,Accessories,1738.66,445,SupplierC,20,,,,,,,,,
P10,Nomad Leather iPhone Case,Accessories,1070.94,450,SupplierC,12,,,,,,,,,
P01,"iPad Pro 12.9"" (2023)",Electronics,922.19,172,SupplierC,5,,,,,,,,,
P02,Galaxy S23 Ultra,Electronics,1259.64,115,SupplierA,18,,,,,,,,,
P03,"LG OLED C1 65"" 4K TV",Electronics,561.82,36,SupplierA,0,,,,,,,,,
P04,Apple Watch Series 8,Wearables,1454.03,375,SupplierA,10,,,,,,,,,
P05,Fitbit Charge 5,Wearables,481.23,106,SupplierB,0,,,,,,,,,
P06,Garmin Forerunner 955,Wearables,991.63,211,SupplierB,15,,,,,,,,,
P07,Galaxy Buds Pro,Wearables,720.74,496,SupplierA,6,,,,,,,,,
P08,Anker PowerCore 10000,Accessories,1775.98,98,SupplierC,7,,,,,,,,,
P09,Logitech MX Master 3,Accessories,1366.17,342,SupplierA,8,,,,,,,,,
P10,Nomad Leather iPhone Case,Accessories,1830.43,45,SupplierD,0,,,,,,,,,
P01,"iPad Pro 12.9"" (2023)",Electronics,463.92,242,SupplierD,0,,,,,,,,,
P02,Galaxy S23 Ultra,Electronics,488.68,461,SupplierC,24,,,,,,,,,
P03,"LG OLED C1 65"" 4K TV",Electronics,1798.79,392,SupplierB,23,,,,,,,,,
P04,Apple Watch Series 8,Wearables,950.17,272,SupplierB,6,,,,,,,,,
P05,Fitbit Charge 5,Wearables,710.71,424,SupplierB,22,,,,,,,,,
P06,Garmin Forerunner 955,Wearables,1130.2,40,SupplierC,19,,,,,,,,,
P07,Galaxy Buds Pro,Wearables,292.18,176,SupplierA,15,,,,,,,,,
P08,Anker PowerCore 10000,Accessories,421.7,289,SupplierC,2,,,,,,,,,
P09,Logitech MX Master 3,Accessories,560.22,310,SupplierC,3,,,,,,,,,
P10,Nomad Leather iPhone Case,Accessories,493.69,476,SupplierB,24,,,,,,,,,
P01,"iPad Pro 12.9"" (2023)",Electronics,1094.78,487,SupplierA,18,,,,,,,,,
P02,Galaxy S23 Ultra,Electronics,1316.72,167,SupplierC,9,,,,,,,,,
P03,"LG OLED C1 65"" 4K TV",Electronics,1287.57,314,SupplierD,21,,,,,,,,,
P04,Apple Watch Series 8,Wearables,1094.43,154,SupplierA,23,,,,,,,,,
P05,Fitbit Charge 5,Wearables,960.42,363,SupplierA,19,,,,,,,,,
P06,Garmin Forerunner 955,Wearables,1630.63,295,SupplierA,21,,,,,,,,,
P07,Galaxy Buds Pro,Wearables,941.88,168,SupplierA,16,,,,,,,,,
P08,Anker PowerCore 10000,Accessories,804.96,480,SupplierC,21,,,,,,,,,
P09,Logitech MX Master 3,Accessories,1373.33,300,SupplierD,7,,,,,,,,,
P10,Nomad Leather iPhone Case,Accessories,1338.67,394,SupplierB,4,,,,,,,,,
P01,"iPad Pro 12.9"" (2023)",Electronics,1057.91,425,SupplierB,15,,,,,,,,,
P02,Galaxy S23 Ultra,Electronics,1970.95,7,SupplierA,1,,,,,,,,,
P03,"LG OLED C1 65"" 4K TV",Electronics,1808.95,306,SupplierB,6,,,,,,,,,
P04,Apple Watch Series 8,Wearables,1016.6,198,SupplierA,9,,,,,,,,,
P05,Fitbit Charge 5,Wearables,1980.62,168,SupplierD,24,,,,,,,,,
P06,Garmin Forerunner 955,Wearables,1471.83,196,SupplierB,10,,,,,,,,,
P07,Galaxy Buds Pro,Wearables,309.44,485,SupplierA,18,,,,,,,,,
P08,Anker PowerCore 10000,Accessories,606.98,204,SupplierD,3,,,,,,,,,
P09,Logitech MX Master 3,Accessories,1613.56,332,SupplierD,1,,,,,,,,,
P10,Nomad Leather iPhone Case,Accessories,465.42,120,SupplierA,9,,,,,,,,,
P01,"iPad Pro 12.9"" (2023)",Electronics,1707.21,341,SupplierD,24,,,,,,,,,
P02,Galaxy S23 Ultra,Electronics,1590.8,371,SupplierA,5,,,,,,,,,
P03,"LG OLED C1 65"" 4K TV",Electronics,1497.74,48,SupplierB,23,,,,,,,,,
P04,Apple Watch Series 8,Wearables,1024.36,102,SupplierA,3,,,,,,,,,
P05,Fitbit Charge 5,Wearables,933.35,424,SupplierB,19,,,,,,,,,
P06,Garmin Forerunner 955,Wearables,300.65,69,SupplierA,19,,,,,,,,,
P07,Galaxy Buds Pro,Wearables,946.26,196,SupplierB,12,,,,,,,,,
P08,Anker PowerCore 10000,Accessories,365.37,367,SupplierC,14,,,,,,,,,
P09,Logitech MX Master 3,Accessories,1269.11,364,SupplierB,15,,,,,,,,,
P10,Nomad Leather iPhone Case,Accessories,1604.74,254,SupplierB,11,,,,,,,,,
P01,"iPad Pro 12.9"" (2023)",Electronics,1702.37,206,SupplierA,15,,,,,,,,,
P02,Galaxy S23 Ultra,Electronics,1130.16,144,SupplierD,22,,,,,,,,,
P03,"LG OLED C1 65"" 4K TV",Electronics,547.06,282,SupplierC,11,,,,,,,,,
P04,Apple Watch Series 8,Wearables,1953.32,403,SupplierA,14,,,,,,,,,
P05,Fitbit Charge 5,Wearables,931.96,297,SupplierC,18,,,,,,,,,
P06,Garmin Forerunner 955,Wearables,1117.3,204,SupplierA,22,,,,,,,,,
P07,Galaxy Buds Pro,Wearables,1183.59,219,SupplierD,11,,,,,,,,,
P08,Anker PowerCore 10000,Accessories,967.89,11,SupplierA,0,,,,,,,,,
P09,Logitech MX Master 3,Accessories,503.54,123,SupplierD,16,,,,,,,,,
P10,Nomad Leather iPhone Case,Accessories,1836.23,63,SupplierC,18,,,,,,,,,
P01,"iPad Pro 12.9"" (2023)",Electronics,1785.7,345,SupplierB,12,,,,,,,,,
P02,Galaxy S23 Ultra,Electronics,82.01,362,SupplierC,8,,,,,,,,,
P03,"LG OLED C1 65"" 4K TV",Electronics,1076.76,245,SupplierB,4,,,,,,,,,
P04,Apple Watch Series 8,Wearables,558.56,407,SupplierC,17,,,,,,,,,
P05,Fitbit Charge 5,Wearables,750.26,271,SupplierB,15,,,,,,,,,
P06,Garmin Forerunner 955,Wearables,1784.03,464,SupplierB,7,,,,,,,,,
P07,Galaxy Buds Pro,Wearables,1634.11,294,SupplierC,24,,,,,,,,,
P08,Anker PowerCore 10000,Accessories,1851.42,258,SupplierC,6,,,,,,,,,
P09,Logitech MX Master 3,Accessories,877.53,115,SupplierA,0,,,,,,,,,
P10,Nomad Leather iPhone Case,Accessories,747.8,450,SupplierA,23,,,,,,,,,
P01,"iPad Pro 12.9"" (2023)",Electronics,1334,398,SupplierB,23,,,,,,,,,
P02,Galaxy S23 Ultra,Electronics,1923.78,369,SupplierB,2,,,,,,,,,
P03,"LG OLED C1 65"" 4K TV",Electronics,656.77,293,SupplierA,5,,,,,,,,,
P04,Apple Watch Series 8,Wearables,963.95,319,SupplierC,7,,,,,,,,,
P05,Fitbit Charge 5,Wearables,1903.58,467,SupplierA,24,,,,,,,,,
P06,Garmin Forerunner 955,Wearables,1738.9,61,SupplierB,17,,,,,,,,,
P07,Galaxy Buds Pro,Wearables,50.38,466,SupplierC,8,,,,,,,,,
P08,Anker PowerCore 10000,Accessories,333.8,436,SupplierB,0,,,,,,,,,
P09,Logitech MX Master 3,Accessories,1346.57,42,SupplierB,7,,,,,,,,,
P10,Nomad Leather iPhone Case,Accessories,1337.28,115,SupplierC,4,,,,,,,,,
P01,"iPad Pro 12.9"" (2023)",Electronics,154.93,337,SupplierA,16,,,,,,,,,
P02,Galaxy S23 Ultra,Electronics,1291.39,208,SupplierB,20,,,,,,,,,
P03,"LG OLED C1 65"" 4K TV",Electronics,1847.27,0,SupplierA,22,,,,,,,,,
P04,Apple Watch Series 8,Wearables,1735.41,441,SupplierC,9,,,,,,,,,
P05,Fitbit Charge 5,Wearables,1024.64,383,SupplierC,24,,,,,,,,,
P06,Garmin Forerunner 955,Wearables,742.98,137,SupplierD,24,,,,,,,,,
P07,Galaxy Buds Pro,Wearables,1755.94,385,SupplierC,4,,,,,,,,,
P08,Anker PowerCore 10000,Accessories,1781.74,317,SupplierA,4,,,,,,,,,
P09,Logitech MX Master 3,Accessories,109.65,253,SupplierD,5,,,,,,,,,
P10,Nomad Leather iPhone Case,Accessories,1773.49,318,SupplierC,6,,,,,,,,,
P01,"iPad Pro 12.9"" (2023)",Electronics,1322.74,178,SupplierC,25,,,,,,,,,
P02,Galaxy S23 Ultra,Electronics,1980.89,346,SupplierA,7,,,,,,,,,
P03,"LG OLED C1 65"" 4K TV",Electronics,1347.54,246,SupplierC,13,,,,,,,,,
P04,Apple Watch Series 8,Wearables,1720.92,404,SupplierC,8,,,,,,,,,
P05,Fitbit Charge 5,Wearables,1436.26,59,SupplierB,1,,,,,,,,,
P06,Garmin Forerunner 955,Wearables,1435.33,227,SupplierA,20,,,,,,,,,
P07,Galaxy Buds Pro,Wearables,1683.97,427,SupplierD,1,,,,,,,,,
P08,Anker PowerCore 10000,Accessories,1505.26,456,SupplierB,16,,,,,,,,,
P09,Logitech MX Master 3,Accessories,1943.2,248,SupplierA,14,,,,,,,,,
P10,Nomad Leather iPhone Case,Accessories,1799.81,147,SupplierD,20,,,,,,,,,
P01,"iPad Pro 12.9"" (2023)",Electronics,1822.8,443,SupplierD,13,,,,,,,,,
P02,Galaxy S23 Ultra,Electronics,1730.41,221,SupplierB,0,,,,,,,,,
P03,"LG OLED C1 65"" 4K TV",Electronics,1768.83,36,SupplierB,13,,,,,,,,,
P04,Apple Watch Series 8,Wearables,1503.98,498,SupplierD,2,,,,,,,,,
P05,Fitbit Charge 5,Wearables,947.6,436,SupplierD,22,,,,,,,,,
P06,Garmin Forerunner 955,Wearables,960.85,61,SupplierB,2,,,,,,,,,
P07,Galaxy Buds Pro,Wearables,386.23,83,SupplierD,21,,,,,,,,,
P08,Anker PowerCore 10000,Accessories,1298.58,96,SupplierC,20,,,,,,,,,
P09,Logitech MX Master 3,Accessories,150.07,59,SupplierA,8,,,,,,,,,
P10,Nomad Leather iPhone Case,Accessories,1741.49,230,SupplierA,2,,,,,,,,,
P01,"iPad Pro 12.9"" (2023)",Electronics,1992.74,263,SupplierC,8,,,,,,,,,
P02,Galaxy S23 Ultra,Electronics,443.11,392,SupplierB,20,,,,,,,,,
P03,"LG OLED C1 65"" 4K TV",Electronics,940.07,289,SupplierA,25,,,,,,,,,
P04,Apple Watch Series 8,Wearables,1151.73,61,SupplierA,9,,,,,,,,,
P05,Fitbit Charge 5,Wearables,1196.47,431,SupplierD,4,,,,,,,,,
P06,Garmin Forerunner 955,Wearables,1114.97,294,SupplierB,11,,,,,,,,,
P07,Galaxy Buds Pro,Wearables,816.55,61,SupplierA,11,,,,,,,,,
P08,Anker PowerCore 10000,Accessories,312.97,165,SupplierB,3,,,,,,,,,
P09,Logitech MX Master 3,Accessories,609.01,388,SupplierB,11,,,,,,,,,
P10,Nomad Leather iPhone Case,Accessories,1189.13,395,SupplierA,25,,,,,,,,,
P01,"iPad Pro 12.9"" (2023)",Electronics,266.2,316,SupplierC,12,,,,,,,,,
P02,Galaxy S23 Ultra,Electronics,285.19,339,SupplierA,4,,,,,,,,,
P03,"LG OLED C1 65"" 4K TV",Electronics,861.98,20,SupplierB,2,,,,,,,,,
P04,Apple Watch Series 8,Wearables,1643.79,200,SupplierC,1,,,,,,,,,
P05,Fitbit Charge 5,Wearables,935.68,478,SupplierD,23,,,,,,,,,
P06,Garmin Forerunner 955,Wearables,525.49,382,SupplierC,4,,,,,,,,,
P07,Galaxy Buds Pro,Wearables,475.12,124,SupplierB,12,,,,,,,,,
P08,Anker PowerCore 10000,Accessories,1340.93,99,SupplierB,7,,,,,,,,,
P09,Logitech MX Master 3,Accessories,424.29,66,SupplierB,6,,,,,,,,,
P10,Nomad Leather iPhone Case,Accessories,482.95,59,SupplierA,11,,,,,,,,,
P01,"iPad Pro 12.9"" (2023)",Electronics,506.16,411,SupplierC,23,,,,,,,,,
P02,Galaxy S23 Ultra,Electronics,360.14,6,SupplierC,3,,,,,,,,,
P03,"LG OLED C1 65"" 4K TV",Electronics,1303.22,490,SupplierD,17,,,,,,,,,
P04,Apple Watch Series 8,Wearables,933.29,60,SupplierD,12,,,,,,,,,
P05,Fitbit Charge 5,Wearables,1055.47,381,SupplierA,25,,,,,,,,,
P06,Garmin Forerunner 955,Wearables,1294.22,493,SupplierA,8,,,,,,,,,
P07,Galaxy Buds Pro,Wearables,1849.56,267,SupplierB,4,,,,,,,,,
P08,Anker PowerCore 10000,Accessories,1599.51,235,SupplierB,3,,,,,,,,,
P09,Logitech MX Master 3,Accessories,1654.88,73,SupplierC,2,,,,,,,,,
P10,Nomad Leather iPhone Case,Accessories,417.92,199,SupplierD,10,,,,,,,,,
P01,"iPad Pro 12.9"" (2023)",Electronics,1412.88,102,SupplierA,21,,,,,,,,,
P02,Galaxy S23 Ultra,Electronics,1989.8,341,SupplierA,23,,,,,,,,,
P03,"LG OLED C1 65"" 4K TV",Electronics,1121.64,229,SupplierD,6,,,,,,,,,
P04,Apple Watch Series 8,Wearables,1358.15,121,SupplierD,1,,,,,,,,,
P05,Fitbit Charge 5,Wearables,1970.3,310,SupplierC,17,,,,,,,,,
P06,Garmin Forerunner 955,Wearables,550.03,197,SupplierD,13,,,,,,,,,
P07,Galaxy Buds Pro,Wearables,1612.32,431,SupplierD,21,,,,,,,,,
P08,Anker PowerCore 10000,Accessories,596.45,41,SupplierB,2,,,,,,,,,
P09,Logitech MX Master 3,Accessories,388.95,482,SupplierC,5,,,,,,,,,
P10,Nomad Leather iPhone Case,Accessories,801.55,58,SupplierA,24,,,,,,,,,
P01,"iPad Pro 12.9"" (2023)",Electronics,598.55,274,SupplierA,19,,,,,,,,,
P02,Galaxy S23 Ultra,Electronics,1912.57,129,SupplierD,10,,,,,,,,,
P03,"LG OLED C1 65"" 4K TV",Electronics,1183.98,27,SupplierB,17,,,,,,,,,
P04,Apple Watch Series 8,Wearables,788.54,470,SupplierA,2,,,,,,,,,
P05,Fitbit Charge 5,Wearables,1108.26,263,SupplierD,14,,,,,,,,,
P06,Garmin Forerunner 955,Wearables,517.52,71,SupplierB,13,,,,,,,,,
P07,Galaxy Buds Pro,Wearables,320.82,474,SupplierB,8,,,,,,,,,
P08,Anker PowerCore 10000,Accessories,678.42,103,SupplierB,9,,,,,,,,,
P09,Logitech MX Master 3,Accessories,1083.06,390,SupplierA,8,,,,,,,,,
P10,Nomad Leather iPhone Case,Accessories,617.55,147,SupplierD,5,,,,,,,,,
P01,"iPad Pro 12.9"" (2023)",Electronics,1114.89,363,SupplierD,17,,,,,,,,,
P02,Galaxy S23 Ultra,Electronics,1362.31,367,SupplierD,25,,,,,,,,,
P03,"LG OLED C1 65"" 4K TV",Electronics,672.73,317,SupplierC,9,,,,,,,,,
P04,Apple Watch Series 8,Wearables,1913.28,339,SupplierD,12,,,,,,,,,
P05,Fitbit Charge 5,Wearables,974.17,12,SupplierD,25,,,,,,,,,
P06,Garmin Forerunner 955,Wearables,1910.51,30,SupplierD,14,,,,,,,,,
P07,Galaxy Buds Pro,Wearables,1292.12,484,SupplierB,13,,,,,,,,,
P08,Anker PowerCore 10000,Accessories,455.71,70,SupplierB,5,,,,,,,,,
P09,Logitech MX Master 3,Accessories,869.41,152,SupplierC,20,,,,,,,,,
P10,Nomad Leather iPhone Case,Accessories,136.82,137,SupplierC,18,,,,,,,,,
P01,"iPad Pro 12.9"" (2023)",Electronics,317.87,404,SupplierA,20,,,,,,,,,
P02,Galaxy S23 Ultra,Electronics,691.43,212,SupplierA,5,,,,,,,,,
P03,"LG OLED C1 65"" 4K TV",Electronics,454.55,127,SupplierB,18,,,,,,,,,
P04,Apple Watch Series 8,Wearables,1494.8,68,SupplierD,10,,,,,,,,,
P05,Fitbit Charge 5,Wearables,1862.56,233,SupplierD,9,,,,,,,,,
P06,Garmin Forerunner 955,Wearables,1729.92,403,SupplierB,11,,,,,,,,,
P07,Galaxy Buds Pro,Wearables,1166.7,310,SupplierA,4,,,,,,,,,
P08,Anker PowerCore 10000,Accessories,1424.78,389,SupplierC,19,,,,,,,,,
P09,Logitech MX Master 3,Accessories,1042.3,91,SupplierB,10,,,,,,,,,
P10,Nomad Leather iPhone Case,Accessories,1011.16,73,SupplierB,6,,,,,,,,,
P01,"iPad Pro 12.9"" (2023)",Electronics,1238.11,487,SupplierB,17,,,,,,,,,
P02,Galaxy S23 Ultra,Electronics,956.94,376,SupplierA,13,,,,,,,,,
P03,"LG OLED C1 65"" 4K TV",Electronics,606.78,285,SupplierD,17,,,,,,,,,
P04,Apple Watch Series 8,Wearables,344.89,100,SupplierA,25,,,,,,,,,
P05,Fitbit Charge 5,Wearables,656.42,489,SupplierA,14,,,,,,,,,
P06,Garmin Forerunner 955,Wearables,1446.89,187,SupplierA,17,,,,,,,,,
P07,Galaxy Buds Pro,Wearables,719.35,119,SupplierB,12,,,,,,,,,
P08,Anker PowerCore 10000,Accessories,1886.44,78,SupplierA,23,,,,,,,,,
P09,Logitech MX Master 3,Accessories,1536.16,195,SupplierD,19,,,,,,,,,
P10,Nomad Leather iPhone Case,Accessories,393.19,125,SupplierA,25,,,,,,,,,
P01,"iPad Pro 12.9"" (2023)",Electronics,256.68,127,SupplierB,5,,,,,,,,,
P02,Galaxy S23 Ultra,Electronics,1220.36,211,SupplierD,21,,,,,,,,,
P03,"LG OLED C1 65"" 4K TV",Electronics,1855.05,441,SupplierA,4,,,,,,,,,
P04,Apple Watch Series 8,Wearables,1294.8,389,SupplierB,24,,,,,,,,,
P05,Fitbit Charge 5,Wearables,842.84,492,SupplierC,1,,,,,,,,,
P06,Garmin Forerunner 955,Wearables,118.67,246,SupplierB,0,,,,,,,,,
P07,Galaxy Buds Pro,Wearables,1017.24,119,SupplierB,7,,,,,,,,,
P08,Anker PowerCore 10000,Accessories,983.36,42,SupplierC,7,,,,,,,,,
P09,Logitech MX Master 3,Accessories,1954.05,394,SupplierD,7,,,,,,,,,
P10,Nomad Leather iPhone Case,Accessories,602.99,232,SupplierC,12,,,,,,,,,
P01,"iPad Pro 12.9"" (2023)",Electronics,1441.5,265,SupplierC,25,,,,,,,,,
P02,Galaxy S23 Ultra,Electronics,1013.31,24,SupplierC,21,,,,,,,,,
P03,"LG OLED C1 65"" 4K TV",Electronics,1195.93,458,SupplierA,25,,,,,,,,,
P04,Apple Watch Series 8,Wearables,1644.98,414,SupplierC,5,,,,,,,,,
P05,Fitbit Charge 5,Wearables,1667.85,223,SupplierC,9,,,,,,,,,
P06,Garmin Forerunner 955,Wearables,466.43,180,SupplierB,10,,,,,,,,,
P07,Galaxy Buds Pro,Wearables,1409.17,160,SupplierC,4,,,,,,,,,
P08,Anker PowerCore 10000,Accessories,613.1,232,SupplierC,9,,,,,,,,,
P09,Logitech MX Master 3,Accessories,1634.26,310,SupplierC,8,,,,,,,,,
P10,Nomad Leather iPhone Case,Accessories,388.38,16,SupplierA,10,,,,,,,,,
P01,"iPad Pro 12.9"" (2023)",Electronics,1477.33,377,SupplierA,3,,,,,,,,,
P02,Galaxy S23 Ultra,Electronics,1921.46,2,SupplierC,10,,,,,,,,,
P03,"LG OLED C1 65"" 4K TV",Electronics,1959.27,349,SupplierA,7,,,,,,,,,
P04,Apple Watch Series 8,Wearables,1683.07,442,SupplierC,19,,,,,,,,,
P05,Fitbit Charge 5,Wearables,830.06,81,SupplierB,14,,,,,,,,,
P06,Garmin Forerunner 955,Wearables,736.09,217,SupplierA,19,,,,,,,,,
P07,Galaxy Buds Pro,Wearables,1264.36,12,SupplierB,17,,,,,,,,,
P08,Anker PowerCore 10000,Accessories,1067.08,265,SupplierA,3,,,,,,,,,
P09,Logitech MX Master 3,Accessories,464.86,137,SupplierD,4,,,,,,,,,
P10,Nomad Leather iPhone Case,Accessories,1730.31,171,SupplierA,3,,,,,,,,,
P01,"iPad Pro 12.9"" (2023)",Electronics,1456.95,345,SupplierC,15,,,,,,,,,
P02,Galaxy S23 Ultra,Electronics,1139.01,496,SupplierC,1,,,,,,,,,
P03,"LG OLED C1 65"" 4K TV",Electronics,968.99,325,SupplierB,8,,,,,,,,,
P04,Apple Watch Series 8,Wearables,1744.26,71,SupplierC,1,,,,,,,,,
P05,Fitbit Charge 5,Wearables,1124.22,166,SupplierC,20,,,,,,,,,
P06,Garmin Forerunner 955,Wearables,1131.62,369,SupplierB,21,,,,,,,,,
P07,Galaxy Buds Pro,Wearables,400.27,26,SupplierB,24,,,,,,,,,
P08,Anker PowerCore 10000,Accessories,333.14,287,SupplierD,7,,,,,,,,,
P09,Logitech MX Master 3,Accessories,948.38,321,SupplierA,10,,,,,,,,,
P10,Nomad Leather iPhone Case,Accessories,1313.06,29,SupplierA,15,,,,,,,,,
P01,"iPad Pro 12.9"" (2023)",Electronics,809.49,459,SupplierC,0,,,,,,,,,
P02,Galaxy S23 Ultra,Electronics,1362.82,179,SupplierA,13,,,,,,,,,
P03,"LG OLED C1 65"" 4K TV",Electronics,587.35,248,SupplierB,13,,,,,,,,,
P04,Apple Watch Series 8,Wearables,1032.17,443,SupplierC,9,,,,,,,,,
P05,Fitbit Charge 5,Wearables,1230.12,417,SupplierD,17,,,,,,,,,
P06,Garmin Forerunner 955,Wearables,1357.49,311,SupplierA,14,,,,,,,,,
P07,Galaxy Buds Pro,Wearables,618.41,377,SupplierA,21,,,,,,,,,
P08,Anker PowerCore 10000,Accessories,1679.77,120,SupplierB,4,,,,,,,,,
P09,Logitech MX Master 3,Accessories,1121,381,SupplierB,15,,,,,,,,,
P10,Nomad Leather iPhone Case,Accessories,540.07,300,SupplierA,14,,,,,,,,,
P01,"iPad Pro 12.9"" (2023)",Electronics,1628.27,73,SupplierB,19,,,,,,,,,
P02,Galaxy S23 Ultra,Electronics,248.44,43,SupplierB,14,,,,,,,,,
P03,"LG OLED C1 65"" 4K TV",Electronics,1723.12,224,SupplierA,15,,,,,,,,,
P04,Apple Watch Series 8,Wearables,1711.09,9,SupplierA,3,,,,,,,,,
P05,Fitbit Charge 5,Wearables,1672.98,303,SupplierA,22,,,,,,,,,
P06,Garmin Forerunner 955,Wearables,1498.63,319,SupplierD,15,,,,,,,,,
P07,Galaxy Buds Pro,Wearables,576.85,459,SupplierB,9,,,,,,,,,
P08,Anker PowerCore 10000,Accessories,197.35,299,SupplierA,3,,,,,,,,,
P09,Logitech MX Master 3,Accessories,636.28,114,SupplierD,11,,,,,,,,,
P10,Nomad Leather iPhone Case,Accessories,1423.88,185,SupplierC,18,,,,,,,,,
P01,"iPad Pro 12.9"" (2023)",Electronics,527.14,441,SupplierD,14,,,,,,,,,
P02,Galaxy S23 Ultra,Electronics,236.43,469,SupplierB,19,,,,,,,,,
P03,"LG OLED C1 65"" 4K TV",Electronics,556.11,353,SupplierC,2,,,,,,,,,
P04,Apple Watch Series 8,Wearables,1099.92,321,SupplierD,1,,,,,,,,,
P05,Fitbit Charge 5,Wearables,1727.2,111,SupplierC,15,,,,,,,,,
P06,Garmin Forerunner 955,Wearables,1109.55,18,SupplierA,4,,,,,,,,,
P07,Galaxy Buds Pro,Wearables,80.77,45,SupplierA,24,,,,,,,,,
P08,Anker PowerCore 10000,Accessories,1638.6,483,SupplierB,15,,,,,,,,,
P09,Logitech MX Master 3,Accessories,240.01,15,SupplierC,11,,,,,,,,,
P10,Nomad Leather iPhone Case,Accessories,465.84,410,SupplierA,25,,,,,,,,,
P01,"iPad Pro 12.9"" (2023)",Electronics,628.83,409,SupplierB,8,,,,,,,,,
P02,Galaxy S23 Ultra,Electronics,1141.25,399,SupplierD,13,,,,,,,,,
P03,"LG OLED C1 65"" 4K TV",Electronics,1582.21,486,SupplierD,3,,,,,,,,,
P04,Apple Watch Series 8,Wearables,158.55,155,SupplierA,25,,,,,,,,,
P05,Fitbit Charge 5,Wearables,1189.92,183,SupplierB,10,,,,,,,,,
P06,Garmin Forerunner 955,Wearables,534.5,385,SupplierA,4,,,,,,,,,
P07,Galaxy Buds Pro,Wearables,289.38,223,SupplierB,4,,,,,,,,,
P08,Anker PowerCore 10000,Accessories,1156.59,108,SupplierB,6,,,,,,,,,
P09,Logitech MX Master 3,Accessories,375.08,490,SupplierD,4,,,,,,,,,
P10,Nomad Leather iPhone Case,Accessories,901.91,296,SupplierD,15,,,,,,,,,
P01,"iPad Pro 12.9"" (2023)",Electronics,1215.31,342,SupplierC,18,,,,,,,,,
P02,Galaxy S23 Ultra,Electronics,1886.73,81,SupplierD,4,,,,,,,,,
P03,"LG OLED C1 65"" 4K TV",Electronics,671.61,394,SupplierC,20,,,,,,,,,
P04,Apple Watch Series 8,Wearables,557.41,166,SupplierB,13,,,,,,,,,
P05,Fitbit Charge 5,Wearables,430.94,479,SupplierC,13,,,,,,,,,
P06,Garmin Forerunner 955,Wearables,390.16,481,SupplierA,4,,,,,,,,,
P07,Galaxy Buds Pro,Wearables,443.5,45,SupplierA,0,,,,,,,,,
P08,Anker PowerCore 10000,Accessories,1745.12,438,SupplierB,2,,,,,,,,,
P09,Logitech MX Master 3,Accessories,1871.24,273,SupplierA,18,,,,,,,,,
P10,Nomad Leather iPhone Case,Accessories,904.07,481,SupplierB,24,,,,,,,,,
P01,"iPad Pro 12.9"" (2023)",Electronics,952.31,261,SupplierC,6,,,,,,,,,
P02,Galaxy S23 Ultra,Electronics,1011.7,256,SupplierB,2,,,,,,,,,
P03,"LG OLED C1 65"" 4K TV",Electronics,1714.99,93,SupplierB,3,,,,,,,,,
P04,Apple Watch Series 8,Wearables,691.3,31,SupplierD,7,,,,,,,,,
P05,Fitbit Charge 5,Wearables,884.48,377,SupplierA,8,,,,,,,,,
P06,Garmin Forerunner 955,Wearables,1289.01,49,SupplierB,23,,,,,,,,,
P07,Galaxy Buds Pro,Wearables,238.44,370,SupplierA,22,,,,,,,,,
P08,Anker PowerCore 10000,Accessories,283.1,71,SupplierD,16,,,,,,,,,
P09,Logitech MX Master 3,Accessories,1375.7,339,SupplierD,7,,,,,,,,,
P10,Nomad Leather iPhone Case,Accessories,774.05,238,SupplierC,15,,,,,,,,,
